trace_id,vertex,x_cm,y_cm
50,0,186.1,77.5
50,1,182.8,73.3
50,2,177.6,75.1
50,3,172.4,76.8
50,4,167.2,78.3
50,5,162.6,80.4
50,6,158.1,82.6
50,7,152.9,84.1
50,8,147.4,84.2
50,9,142.2,83.6
50,10,137.0,83.0
50,11,131.9,83.9
50,12,126.7,84.1
50,13,121.6,83.5
50,14,116.4,82.2
50,15,111.9,79.6
50,16,106.8,77.6
50,17,101.6,76.4
50,18,97.0,74.4
50,19,91.9,72.5
50,20,86.9,70.6
50,21,81.9,69.4
50,22,76.9,69.0
50,23,71.9,67.8
50,24,66.9,67.3
50,25,62.0,65.9
50,26,57.1,63.8
50,27,52.2,61.8
7,0,43.0,547.7
7,1,37.8,545.5
7,2,33.3,542.7
7,3,28.7,539.4
7,4,24.1,536.1
7,5,19.5,533.4
7,6,14.7,532.0
7,7,9.5,531.0
7,8,4.4,530.6
7,9,0.0,526.3
7,10,0.0,517.2
7,11,0.0,508.1
7,12,0.0,501.2
7,13,0.0,493.1
7,14,38.3,508.0
7,15,33.7,505.2
7,16,31.9,503.8
37,0,3.0,171.8
37,1,6.6,168.1
37,2,11.4,166.0
37,3,16.1,163.9
37,4,20.3,160.8
37,5,24.5,157.4
37,6,29.2,155.3
37,7,34.0,152.9
37,8,37.6,148.9
37,9,41.8,145.5
37,10,46.5,143.1
37,11,51.3,141.4
37,12,56.2,139.3
37,13,61.1,137.5
37,14,66.1,135.4
37,15,71.2,132.7
37,16,75.6,129.7
37,17,79.3,126.2
37,18,83.7,123.2
37,19,88.8,120.9
37,20,93.9,118.3
37,21,93.9,117.9
47,0,840.8,10.4
47,1,842.2,15.3
47,2,842.7,20.5
47,3,843.6,25.7
47,4,844.1,31.0
47,5,844.5,36.2
47,6,844.6,41.4
47,7,843.8,46.7
47,8,841.9,51.7
47,9,840.5,57.0
47,10,838.6,61.7
47,11,837.2,67.0
47,12,836.2,72.3
47,13,834.8,77.6
47,14,833.0,82.3
47,15,830.9,87.2
47,16,828.5,92.1
47,17,827.2,93.2
49,0,329.1,89.6
49,1,323.8,87.8
49,2,319.1,86.0
49,3,314.3,84.2
49,4,309.1,83.0
49,5,303.9,81.8
49,6,298.3,81.4
49,7,293.4,80.3
49,8,288.5,78.6
49,9,283.5,76.9
49,10,278.5,73.9
49,11,273.8,70.8
49,12,269.3,68.3
49,13,264.8,65.9
49,14,259.6,63.5
49,15,255.8,61.7
59,0,653.7,0.0
59,1,721.6,-24.2
59,2,718.6,-28.9
59,3,717.4,-29.4
58,0,106.2,5.4
58,1,111.4,4.0
58,2,116.6,2.3
58,3,122.4,0.0
58,4,117.3,0.0
58,5,110.0,0.0
58,6,142.3,-18.4
58,7,144.5,-23.2
58,8,146.2,-24.1
15,0,752.0,342.3
15,1,756.2,338.9
15,2,758.8,334.3
15,3,761.1,329.4
15,4,763.7,324.9
15,5,767.2,321.1
15,6,768.6,316.2
15,7,770.9,311.7
15,8,773.5,307.1
15,9,776.6,303.0
15,10,778.8,298.3
15,11,780.4,293.3
15,12,780.5,287.9
15,13,780.5,287.4
5,0,97.7,575.0
5,1,93.9,571.5
5,2,88.8,570.2
5,3,83.7,567.9
5,4,79.3,565.1
5,5,74.2,562.8
5,6,69.8,560.5
5,7,65.3,557.0
5,8,60.9,554.4
5,9,55.8,552.8
28,0,185.6,186.1
28,1,182.6,190.2
28,2,179.0,193.8
28,3,180.5,198.8
28,4,183.4,203.1
28,5,187.0,207.7
28,6,190.6,211.7
28,7,195.3,215.0
28,8,200.8,215.6
28,9,202.8,217.0
9,0,133.2,493.5
9,1,133.4,488.5
9,2,134.2,483.5
9,3,135.0,478.4
9,4,135.8,473.4
9,5,137.9,468.8
9,6,139.9,464.2
9,7,141.3,459.1
9,8,144.5,454.4
9,9,145.7,451.8
55,0,45.1,12.6
55,1,39.9,12.8
55,2,34.8,12.5
55,3,29.6,12.2
55,4,24.4,11.3
55,5,19.3,9.1
55,6,14.1,7.1
55,7,9.5,4.9
55,8,4.3,3.3
12,0,740.6,389.7
12,1,739.9,384.3
12,2,737.7,379.0
12,3,734.0,374.9
12,4,729.8,371.4
12,5,728.1,366.1
12,6,724.9,361.4
12,7,721.2,357.3
12,8,720.2,355.9
53,0,5.3,43.9
53,1,0.1,42.9
53,2,27.9,43.3
53,3,22.7,42.3
53,4,20.9,41.4
17,0,807.9,319.5
17,1,811.1,315.1
17,2,813.8,310.6
17,3,817.5,306.5
17,4,820.6,302.4
17,5,823.3,297.6
17,6,825.0,292.8
17,7,826.2,288.5
36,0,22.7,186.2
36,1,27.8,184.3
36,2,0.0,186.1
36,3,0.0,188.9
11,0,153.3,441.3
11,1,155.6,436.1
11,2,156.4,430.9
11,3,157.9,425.8
11,4,159.4,420.6
11,5,160.9,415.4
11,6,161.7,410.3
11,7,162.4,409.6
23,0,386.3,241.1
23,1,380.9,239.8
23,2,375.6,238.6
23,3,370.2,237.4
23,4,365.0,236.8
23,5,359.9,235.7
23,6,354.7,235.1
1,0,102.5,598.3
1,1,106.1,594.7
1,2,110.9,591.9
1,3,114.4,587.8
1,4,119.3,586.5
1,5,122.1,582.1
1,6,125.1,578.6
27,0,231.9,222.3
27,1,226.5,220.1
27,2,221.2,219.0
27,3,215.9,218.5
27,4,210.6,218.5
27,5,205.4,217.4
27,6,201.7,219.3
32,0,518.9,186.6
32,1,513.7,185.3
32,2,508.5,184.3
32,3,503.4,183.3
32,4,498.3,181.9
32,5,493.5,180.0
32,6,489.4,178.2
31,0,155.1,196.8
31,1,150.2,195.9
31,2,145.0,195.4
31,3,139.9,193.9
31,4,134.8,192.1
31,5,129.6,191.2
31,6,126.4,190.3
13,0,168.8,381.2
13,1,170.5,376.2
13,2,172.2,371.2
13,3,174.6,366.8
13,4,177.0,361.7
13,5,178.0,356.7
13,6,178.2,354.3
19,0,670.0,271.7
19,1,667.0,267.3
19,2,663.4,263.4
19,3,659.9,259.5
19,4,656.3,255.1
19,5,653.2,250.7
19,6,652.0,249.0
24,0,647.2,242.3
24,1,643.5,238.4
24,2,638.7,236.2
24,3,633.9,233.9
24,4,629.1,232.1
24,5,624.3,230.4
24,6,621.9,230.3
20,0,183.3,255.0
20,1,182.1,250.2
20,2,182.6,245.1
20,3,183.1,240.1
20,4,183.6,235.1
20,5,186.5,230.3
20,6,188.0,228.1
51,0,199.0,50.9
51,1,194.5,53.0
51,2,190.6,56.6
51,3,187.3,61.0
51,4,185.4,65.9
51,5,183.5,71.3
51,6,182.8,72.6
52,0,219.2,48.0
52,1,214.2,46.9
52,2,209.2,46.2
52,3,206.1,41.8
52,4,205.6,36.7
52,5,205.7,31.6
52,6,206.4,29.2
30,0,558.4,197.7
30,1,553.2,196.2
30,2,548.0,194.4
30,3,542.7,192.9
30,4,537.4,191.3
30,5,532.2,189.9
8,0,132.6,541.7
8,1,132.7,536.3
8,2,132.9,530.8
8,3,133.0,525.8
8,4,133.1,520.8
8,5,133.9,515.7
10,0,258.0,446.5
10,1,256.1,441.8
10,2,255.0,436.6
10,3,254.0,431.3
10,4,252.9,426.0
10,5,251.7,421.3
22,0,509.3,251.2
22,1,514.3,249.8
22,2,519.3,249.0
22,3,524.3,248.2
22,4,529.4,248.0
22,5,534.4,246.6
46,0,829.9,103.6
46,1,828.3,98.5
46,2,826.8,93.2
46,3,821.5,92.2
46,4,816.2,91.7
46,5,811.8,91.3
43,0,390.9,128.3
43,1,386.4,125.9
43,2,381.9,123.1
43,3,377.3,120.3
43,4,372.2,117.9
43,5,369.6,115.5
21,0,830.2,261.2
21,1,831.0,255.7
21,2,831.3,250.2
21,3,831.2,244.7
21,4,831.1,239.2
21,5,831.0,237.6
18,0,692.5,304.7
18,1,688.8,301.0
18,2,685.2,297.1
18,3,681.6,292.6
18,4,678.6,288.2
18,5,678.0,287.1
42,0,836.6,139.8
42,1,835.3,134.5
42,2,834.3,129.5
42,3,833.8,124.5
42,4,834.2,119.5
42,5,833.7,117.0
25,0,325.4,234.8
25,1,320.4,234.2
25,2,315.3,233.5
25,3,310.2,232.9
25,4,305.0,232.2
25,5,304.4,232.2
26,0,783.1,229.0
26,1,783.9,223.6
26,2,783.8,218.2
26,3,784.2,212.8
26,4,784.1,208.0
41,0,188.2,139.3
41,1,185.4,134.7
41,2,183.9,129.6
41,3,183.9,124.5
41,4,182.5,120.2
44,0,367.6,113.9
44,1,363.7,110.7
44,2,359.2,107.9
44,3,354.7,104.8
44,4,351.4,102.0
14,0,766.3,344.0
14,1,771.5,342.8
14,2,776.1,340.1
14,3,780.9,338.1
14,4,783.9,336.9
29,0,593.8,215.6
29,1,589.2,213.2
29,2,584.5,210.7
29,3,579.3,208.2
29,4,577.0,207.0
48,0,348.2,99.4
48,1,344.9,95.0
48,2,340.2,92.5
48,3,334.9,91.4
48,4,332.6,90.8
33,0,35.3,189.8
33,1,30.2,189.8
33,2,25.0,189.8
33,3,19.9,189.4
33,4,17.7,188.5
39,0,439.1,160.4
39,1,434.5,158.0
39,2,429.3,155.7
39,3,424.6,152.6
39,4,423.8,151.9
38,0,186.3,165.2
38,1,187.1,160.1
38,2,190.1,155.7
38,3,192.3,151.2
38,4,191.0,149.9
40,0,203.8,151.8
40,1,208.8,150.5
40,2,214.4,150.1
40,3,219.4,150.4
35,0,468.2,174.2
35,1,462.9,172.8
35,2,457.6,171.4
35,3,454.2,170.3
45,0,103.1,111.8
45,1,107.4,108.7
45,2,110.8,104.9
45,3,114.4,101.8
16,0,709.6,331.0
16,1,706.4,326.9
16,2,703.3,322.8
16,3,702.6,320.3
54,0,207.1,25.4
54,1,207.9,20.3
54,2,209.2,15.2
54,3,208.1,12.8
2,0,104.2,581.7
2,1,108.7,584.2
2,2,113.2,587.3
2,3,114.4,587.5
3,0,754.5,597.8
3,1,749.9,595.3
3,2,745.0,596.5
3,3,744.0,597.4
4,0,752.8,582.9
4,1,751.4,587.8
4,2,750.4,593.0
4,3,750.0,595.0
6,0,132.5,561.2
6,1,130.5,565.9
6,2,127.3,569.9
6,3,125.4,570.8
34,0,785.2,184.9
34,1,785.3,179.7
34,2,785.4,174.6
34,3,785.3,173.0
57,0,879.1,10.8
57,1,882.0,6.7
57,2,886.7,4.0
57,3,888.3,3.4
56,0,90.2,9.5
56,1,95.3,8.3
56,2,100.3,6.9
