block,ch,line,onset_smp,onset_ns,airwave_ns,t0_ns
A,HF,20.8.26 A Block new001_20260820_171438,76,4.6387,0.2335,4.4052
A,HF,20.8.26 A Block new002_20260820_171539,77,4.6997,0.2335,4.4662
A,HF,20.8.26 A Block new003_20260820_171631,67,4.0894,0.2335,3.8559
A,HF,20.8.26 A Block new004_20260820_171727,77,4.6997,0.2335,4.4662
A,HF,20.8.26 A Block new005_20260820_171756,77,4.6997,0.2335,4.4662
A,HF,20.8.26 A Block new006_20260820_171821,77,4.6997,0.2335,4.4662
A,HF,20.8.26 A Block new007_20260820_171844,76,4.6387,0.2335,4.4052
A,HF,20.8.26 A Block new008_20260820_171909,76,4.6387,0.2335,4.4052
A,HF,20.8.26 A Block new009_20260820_171936,76,4.6387,0.2335,4.4052
A,HF,20.8.26 A Block new010_20260820_172014,76,4.6387,0.2335,4.4052
A,HF,20.8.26 A Block new011_20260820_172050,77,4.6997,0.2335,4.4662
A,HF,20.8.26 A Block new012_20260820_172115,76,4.6387,0.2335,4.4052
A,HF,20.8.26 A Block new013_20260820_172200,76,4.6387,0.2335,4.4052
A,HF,20.8.26 A Block new014_20260820_172243,76,4.6387,0.2335,4.4052
A,HF,20.8.26 A Block new015_20260820_172313,77,4.6997,0.2335,4.4662
A,HF,20.8.26 A Block new016_20260820_172355,76,4.6387,0.2335,4.4052
A,HF,20.8.26 A Block new017_20260820_172444,76,4.6387,0.2335,4.4052
A,HF,20.8.26 A Block new018_20260820_172527,77,4.6997,0.2335,4.4662
A,HF,20.8.26 A Block new019_20260820_172601,77,4.6997,0.2335,4.4662
A,HF,20.8.26 A Block new020_20260820_172646,76,4.6387,0.2335,4.4052
A,HF,20.8.26 A Block new021_20260820_172720,77,4.6997,0.2335,4.4662
A,HF,20.8.26 A Block new022_20260820_172754,77,4.6997,0.2335,4.4662
A,HF,20.8.26 A Block new023_20260820_172828,77,4.6997,0.2335,4.4662
A,HF,20.8.26 A Block new024_20260820_172858,77,4.6997,0.2335,4.4662
A,LF,20.8.26 A Block new001_20260820_171438,22,2.6855,0.8139,1.8717
A,LF,20.8.26 A Block new002_20260820_171539,22,2.6855,0.8139,1.8717
A,LF,20.8.26 A Block new003_20260820_171631,21,2.5635,0.8139,1.7496
A,LF,20.8.26 A Block new004_20260820_171727,21,2.5635,0.8139,1.7496
A,LF,20.8.26 A Block new005_20260820_171756,21,2.5635,0.8139,1.7496
A,LF,20.8.26 A Block new006_20260820_171821,21,2.5635,0.8139,1.7496
A,LF,20.8.26 A Block new007_20260820_171844,22,2.6855,0.8139,1.8717
A,LF,20.8.26 A Block new008_20260820_171909,21,2.5635,0.8139,1.7496
A,LF,20.8.26 A Block new009_20260820_171936,21,2.5635,0.8139,1.7496
A,LF,20.8.26 A Block new010_20260820_172014,22,2.6855,0.8139,1.8717
A,LF,20.8.26 A Block new011_20260820_172050,22,2.6855,0.8139,1.8717
A,LF,20.8.26 A Block new012_20260820_172115,21,2.5635,0.8139,1.7496
A,LF,20.8.26 A Block new013_20260820_172200,21,2.5635,0.8139,1.7496
A,LF,20.8.26 A Block new014_20260820_172243,21,2.5635,0.8139,1.7496
A,LF,20.8.26 A Block new015_20260820_172313,21,2.5635,0.8139,1.7496
A,LF,20.8.26 A Block new016_20260820_172355,21,2.5635,0.8139,1.7496
A,LF,20.8.26 A Block new017_20260820_172444,21,2.5635,0.8139,1.7496
A,LF,20.8.26 A Block new018_20260820_172527,21,2.5635,0.8139,1.7496
A,LF,20.8.26 A Block new019_20260820_172601,21,2.5635,0.8139,1.7496
A,LF,20.8.26 A Block new020_20260820_172646,21,2.5635,0.8139,1.7496
A,LF,20.8.26 A Block new021_20260820_172720,21,2.5635,0.8139,1.7496
A,LF,20.8.26 A Block new022_20260820_172754,22,2.6855,0.8139,1.8717
A,LF,20.8.26 A Block new023_20260820_172828,21,2.5635,0.8139,1.7496
A,LF,20.8.26 A Block new024_20260820_172858,22,2.6855,0.8139,1.8717
B,HF,20.8.26 B Block proceq new001_20260820,76,4.6387,0.2335,4.4052
B,HF,20.8.26 B Block proceq new002_20260820,76,4.6387,0.2335,4.4052
B,HF,20.8.26 B Block proceq new003_20260820,77,4.6997,0.2335,4.4662
B,HF,20.8.26 B Block proceq new004_20260820,76,4.6387,0.2335,4.4052
B,HF,20.8.26 B Block proceq new005_20260820,76,4.6387,0.2335,4.4052
B,HF,20.8.26 B Block proceq new006_20260820,63,3.8452,0.2335,3.6117
B,HF,20.8.26 B Block proceq new007_20260820,76,4.6387,0.2335,4.4052
B,HF,20.8.26 B Block proceq new008_20260820,76,4.6387,0.2335,4.4052
B,HF,20.8.26 B Block proceq new009_20260820,95,5.7983,0.2335,5.5648
B,HF,20.8.26 B Block proceq new010_20260820,73,4.4556,0.2335,4.2221
B,HF,20.8.26 B Block proceq new011_20260820,77,4.6997,0.2335,4.4662
B,HF,20.8.26 B Block proceq new012_20260820,76,4.6387,0.2335,4.4052
B,HF,20.8.26 B Block proceq new013_20260820,76,4.6387,0.2335,4.4052
B,HF,20.8.26 B Block proceq new014_20260820,76,4.6387,0.2335,4.4052
B,HF,20.8.26 B Block proceq new015_20260820,77,4.6997,0.2335,4.4662
B,HF,20.8.26 B Block proceq new016_20260820,77,4.6997,0.2335,4.4662
B,HF,20.8.26 B Block proceq new017_20260820,76,4.6387,0.2335,4.4052
B,HF,20.8.26 B Block proceq new018_20260820,75,4.5776,0.2335,4.3441
B,HF,20.8.26 B Block proceq new019_20260820,77,4.6997,0.2335,4.4662
B,HF,20.8.26 B Block proceq new020_20260820,76,4.6387,0.2335,4.4052
B,HF,20.8.26 B Block proceq new021_20260820,77,4.6997,0.2335,4.4662
B,HF,20.8.26 B Block proceq new022_20260820,76,4.6387,0.2335,4.4052
B,HF,20.8.26 B Block proceq new023_20260820,76,4.6387,0.2335,4.4052
B,HF,20.8.26 B Block proceq new024_20260820,76,4.6387,0.2335,4.4052
B,HF,20.8.26 B Block proceq new025_20260820,76,4.6387,0.2335,4.4052
B,HF,20.8.26 B Block proceq new026_20260820,76,4.6387,0.2335,4.4052
B,HF,20.8.26 B Block proceq new027_20260820,76,4.6387,0.2335,4.4052
B,HF,20.8.26 B Block proceq new028_20260820,76,4.6387,0.2335,4.4052
B,HF,20.8.26 B Block proceq new029_20260820,76,4.6387,0.2335,4.4052
B,HF,20.8.26 B Block proceq new030_20260820,71,4.3335,0.2335,4.1
B,HF,20.8.26 B Block proceq new031_20260820,63,3.8452,0.2335,3.6117
B,HF,20.8.26 B Block proceq new032_20260820,62,3.7842,0.2335,3.5507
B,HF,20.8.26 B Block proceq new033_20260820,62,3.7842,0.2335,3.5507
B,LF,20.8.26 B Block proceq new001_20260820,22,2.6855,0.8139,1.8717
B,LF,20.8.26 B Block proceq new002_20260820,59,7.2021,0.8139,6.3883
B,LF,20.8.26 B Block proceq new003_20260820,22,2.6855,0.8139,1.8717
B,LF,20.8.26 B Block proceq new004_20260820,22,2.6855,0.8139,1.8717
B,LF,20.8.26 B Block proceq new005_20260820,22,2.6855,0.8139,1.8717
B,LF,20.8.26 B Block proceq new006_20260820,21,2.5635,0.8139,1.7496
B,LF,20.8.26 B Block proceq new007_20260820,21,2.5635,0.8139,1.7496
B,LF,20.8.26 B Block proceq new008_20260820,21,2.5635,0.8139,1.7496
B,LF,20.8.26 B Block proceq new009_20260820,21,2.5635,0.8139,1.7496
B,LF,20.8.26 B Block proceq new010_20260820,21,2.5635,0.8139,1.7496
B,LF,20.8.26 B Block proceq new011_20260820,58,7.0801,0.8139,6.2662
B,LF,20.8.26 B Block proceq new012_20260820,57,6.958,0.8139,6.1441
B,LF,20.8.26 B Block proceq new013_20260820,57,6.958,0.8139,6.1441
B,LF,20.8.26 B Block proceq new014_20260820,22,2.6855,0.8139,1.8717
B,LF,20.8.26 B Block proceq new015_20260820,57,6.958,0.8139,6.1441
B,LF,20.8.26 B Block proceq new016_20260820,22,2.6855,0.8139,1.8717
B,LF,20.8.26 B Block proceq new017_20260820,58,7.0801,0.8139,6.2662
B,LF,20.8.26 B Block proceq new018_20260820,58,7.0801,0.8139,6.2662
B,LF,20.8.26 B Block proceq new019_20260820,22,2.6855,0.8139,1.8717
B,LF,20.8.26 B Block proceq new020_20260820,22,2.6855,0.8139,1.8717
B,LF,20.8.26 B Block proceq new021_20260820,22,2.6855,0.8139,1.8717
B,LF,20.8.26 B Block proceq new022_20260820,58,7.0801,0.8139,6.2662
B,LF,20.8.26 B Block proceq new023_20260820,21,2.5635,0.8139,1.7496
B,LF,20.8.26 B Block proceq new024_20260820,58,7.0801,0.8139,6.2662
B,LF,20.8.26 B Block proceq new025_20260820,57,6.958,0.8139,6.1441
B,LF,20.8.26 B Block proceq new026_20260820,21,2.5635,0.8139,1.7496
B,LF,20.8.26 B Block proceq new027_20260820,20,2.4414,0.8139,1.6275
B,LF,20.8.26 B Block proceq new028_20260820,21,2.5635,0.8139,1.7496
B,LF,20.8.26 B Block proceq new029_20260820,21,2.5635,0.8139,1.7496
B,LF,20.8.26 B Block proceq new030_20260820,21,2.5635,0.8139,1.7496
B,LF,20.8.26 B Block proceq new031_20260820,57,6.958,0.8139,6.1441
B,LF,20.8.26 B Block proceq new032_20260820,21,2.5635,0.8139,1.7496
B,LF,20.8.26 B Block proceq new033_20260820,21,2.5635,0.8139,1.7496
C,HF,20.8.26 C Block new001_20260820_184938,76,4.6387,0.2335,4.4052
C,HF,20.8.26 C Block new002_20260820_185029,77,4.6997,0.2335,4.4662
C,HF,20.8.26 C Block new003_20260820_185105,77,4.6997,0.2335,4.4662
C,HF,20.8.26 C Block new004_20260820_185141,76,4.6387,0.2335,4.4052
C,HF,20.8.26 C Block new005_20260820_185215,76,4.6387,0.2335,4.4052
C,HF,20.8.26 C Block new006_20260820_185244,76,4.6387,0.2335,4.4052
C,HF,20.8.26 C Block new007_20260820_185316,76,4.6387,0.2335,4.4052
C,HF,20.8.26 C Block new008_20260820_185350,75,4.5776,0.2335,4.3441
C,HF,20.8.26 C Block new009_20260820_185437,75,4.5776,0.2335,4.3441
C,HF,20.8.26 C Block new010_20260820_185516,76,4.6387,0.2335,4.4052
C,HF,20.8.26 C Block new011_20260820_185552,77,4.6997,0.2335,4.4662
C,HF,20.8.26 C Block new012_20260820_185636,75,4.5776,0.2335,4.3441
C,HF,20.8.26 C Block new013_20260820_185720,62,3.7842,0.2335,3.5507
C,HF,20.8.26 C Block new014_20260820_185757,76,4.6387,0.2335,4.4052
C,HF,20.8.26 C Block new015_20260820_185903,72,4.3945,0.2335,4.161
C,HF,20.8.26 C Block new016_20260820_185945,76,4.6387,0.2335,4.4052
C,HF,20.8.26 C Block new017_20260820_190026,72,4.3945,0.2335,4.161
C,HF,20.8.26 C Block new018_20260820_190126,76,4.6387,0.2335,4.4052
C,HF,20.8.26 C Block new019_20260820_190254,76,4.6387,0.2335,4.4052
C,HF,20.8.26 C Block new020_20260820_190358,76,4.6387,0.2335,4.4052
C,HF,20.8.26 C Block new021_20260820_190446,72,4.3945,0.2335,4.161
C,HF,20.8.26 C Block new022_20260820_190551,76,4.6387,0.2335,4.4052
C,HF,20.8.26 C Block new023_20260820_190635,77,4.6997,0.2335,4.4662
C,HF,20.8.26 C Block new024_20260820_190718,72,4.3945,0.2335,4.161
C,HF,20.8.26 C Block new025_20260820_190806,63,3.8452,0.2335,3.6117
C,HF,20.8.26 C Block new026_20260820_190851,70,4.2725,0.2335,4.039
C,HF,20.8.26 C Block new027_20260820_190934,76,4.6387,0.2335,4.4052
C,HF,20.8.26 C Block new028_20260820_191017,62,3.7842,0.2335,3.5507
C,HF,20.8.26 C Block new029_20260820_191116,76,4.6387,0.2335,4.4052
C,HF,20.8.26 C Block new030_20260820_191219,76,4.6387,0.2335,4.4052
C,HF,20.8.26 C Block new031_20260820_191325,76,4.6387,0.2335,4.4052
C,HF,20.8.26 C Block new032_20260820_191405,76,4.6387,0.2335,4.4052
C,LF,20.8.26 C Block new001_20260820_184938,59,7.2021,0.8139,6.3883
C,LF,20.8.26 C Block new002_20260820_185029,21,2.5635,0.8139,1.7496
C,LF,20.8.26 C Block new003_20260820_185105,22,2.6855,0.8139,1.8717
C,LF,20.8.26 C Block new004_20260820_185141,22,2.6855,0.8139,1.8717
C,LF,20.8.26 C Block new005_20260820_185215,58,7.0801,0.8139,6.2662
C,LF,20.8.26 C Block new006_20260820_185244,22,2.6855,0.8139,1.8717
C,LF,20.8.26 C Block new007_20260820_185316,22,2.6855,0.8139,1.8717
C,LF,20.8.26 C Block new008_20260820_185350,21,2.5635,0.8139,1.7496
C,LF,20.8.26 C Block new009_20260820_185437,21,2.5635,0.8139,1.7496
C,LF,20.8.26 C Block new010_20260820_185516,20,2.4414,0.8139,1.6275
C,LF,20.8.26 C Block new011_20260820_185552,21,2.5635,0.8139,1.7496
C,LF,20.8.26 C Block new012_20260820_185636,21,2.5635,0.8139,1.7496
C,LF,20.8.26 C Block new013_20260820_185720,21,2.5635,0.8139,1.7496
C,LF,20.8.26 C Block new014_20260820_185757,22,2.6855,0.8139,1.8717
C,LF,20.8.26 C Block new015_20260820_185903,21,2.5635,0.8139,1.7496
C,LF,20.8.26 C Block new016_20260820_185945,21,2.5635,0.8139,1.7496
C,LF,20.8.26 C Block new017_20260820_190026,21,2.5635,0.8139,1.7496
C,LF,20.8.26 C Block new018_20260820_190126,21,2.5635,0.8139,1.7496
C,LF,20.8.26 C Block new019_20260820_190254,21,2.5635,0.8139,1.7496
C,LF,20.8.26 C Block new020_20260820_190358,21,2.5635,0.8139,1.7496
C,LF,20.8.26 C Block new021_20260820_190446,21,2.5635,0.8139,1.7496
C,LF,20.8.26 C Block new022_20260820_190551,21,2.5635,0.8139,1.7496
C,LF,20.8.26 C Block new023_20260820_190635,58,7.0801,0.8139,6.2662
C,LF,20.8.26 C Block new024_20260820_190718,21,2.5635,0.8139,1.7496
C,LF,20.8.26 C Block new025_20260820_190806,21,2.5635,0.8139,1.7496
C,LF,20.8.26 C Block new026_20260820_190851,21,2.5635,0.8139,1.7496
C,LF,20.8.26 C Block new027_20260820_190934,21,2.5635,0.8139,1.7496
C,LF,20.8.26 C Block new028_20260820_191017,21,2.5635,0.8139,1.7496
C,LF,20.8.26 C Block new029_20260820_191116,21,2.5635,0.8139,1.7496
C,LF,20.8.26 C Block new030_20260820_191219,58,7.0801,0.8139,6.2662
C,LF,20.8.26 C Block new031_20260820_191325,57,6.958,0.8139,6.1441
C,LF,20.8.26 C Block new032_20260820_191405,57,6.958,0.8139,6.1441
