block,line,orientation,fixed_axis,fixed_cm,run_axis,run_from_cm,run_to_measured_cm,nominal_len_cm,len_error_cm,n_traces,trace_spacing_cm,ns_HF,ns_LF,window_HF_ns,window_LF_ns,antenna_offset_HF_cm,antenna_offset_LF_cm,sgy_HF,sgy_LF
A,1,X-line,y,0,x,0,542.5,550,-7.5,218,2.5,655,664,40,81,7.0,24.4,A Block\SEGY_20260821_113207\SEGY_20260821_113207\20.8.26 A Block new001_20260820_171438\20.8.26 A Block new001_20260820_171438_20260821_113207_HF.sgy,A Block\SEGY_20260821_113207\SEGY_20260821_113207\20.8.26 A Block new001_20260820_171438\20.8.26 A Block new001_20260820_171438_20260821_113207_LF.sgy
A,2,X-line,y,50,x,0,547.5,550,-2.5,220,2.5,655,664,40,81,7.0,24.4,A Block\SEGY_20260821_113207\SEGY_20260821_113207\20.8.26 A Block new002_20260820_171539\20.8.26 A Block new002_20260820_171539_20260821_113207_HF.sgy,A Block\SEGY_20260821_113207\SEGY_20260821_113207\20.8.26 A Block new002_20260820_171539\20.8.26 A Block new002_20260820_171539_20260821_113207_LF.sgy
A,3,X-line,y,100,x,0,520.0,550,-30.0,209,2.5,655,664,40,81,7.0,24.4,A Block\SEGY_20260821_113207\SEGY_20260821_113207\20.8.26 A Block new003_20260820_171631\20.8.26 A Block new003_20260820_171631_20260821_113207_HF.sgy,A Block\SEGY_20260821_113207\SEGY_20260821_113207\20.8.26 A Block new003_20260820_171631\20.8.26 A Block new003_20260820_171631_20260821_113207_LF.sgy
A,4,X-line,y,150,x,0,535.0,550,-15.0,215,2.5,655,664,40,81,7.0,24.4,A Block\SEGY_20260821_113207\SEGY_20260821_113207\20.8.26 A Block new004_20260820_171727\20.8.26 A Block new004_20260820_171727_20260821_113207_HF.sgy,A Block\SEGY_20260821_113207\SEGY_20260821_113207\20.8.26 A Block new004_20260820_171727\20.8.26 A Block new004_20260820_171727_20260821_113207_LF.sgy
A,5,X-line,y,200,x,0,550.0,550,0.0,221,2.5,655,664,40,81,7.0,24.4,A Block\SEGY_20260821_113207\SEGY_20260821_113207\20.8.26 A Block new005_20260820_171756\20.8.26 A Block new005_20260820_171756_20260821_113207_HF.sgy,A Block\SEGY_20260821_113207\SEGY_20260821_113207\20.8.26 A Block new005_20260820_171756\20.8.26 A Block new005_20260820_171756_20260821_113207_LF.sgy
A,6,X-line,y,250,x,0,542.5,550,-7.5,218,2.5,655,664,40,81,7.0,24.4,A Block\SEGY_20260821_113207\SEGY_20260821_113207\20.8.26 A Block new006_20260820_171821\20.8.26 A Block new006_20260820_171821_20260821_113207_HF.sgy,A Block\SEGY_20260821_113207\SEGY_20260821_113207\20.8.26 A Block new006_20260820_171821\20.8.26 A Block new006_20260820_171821_20260821_113207_LF.sgy
A,7,X-line,y,300,x,0,550.0,550,0.0,221,2.5,655,664,40,81,7.0,24.4,A Block\SEGY_20260821_113207\SEGY_20260821_113207\20.8.26 A Block new007_20260820_171844\20.8.26 A Block new007_20260820_171844_20260821_113207_HF.sgy,A Block\SEGY_20260821_113207\SEGY_20260821_113207\20.8.26 A Block new007_20260820_171844\20.8.26 A Block new007_20260820_171844_20260821_113207_LF.sgy
A,8,X-line,y,350,x,0,550.0,550,0.0,221,2.5,655,664,40,81,7.0,24.4,A Block\SEGY_20260821_113207\SEGY_20260821_113207\20.8.26 A Block new008_20260820_171909\20.8.26 A Block new008_20260820_171909_20260821_113207_HF.sgy,A Block\SEGY_20260821_113207\SEGY_20260821_113207\20.8.26 A Block new008_20260820_171909\20.8.26 A Block new008_20260820_171909_20260821_113207_LF.sgy
A,9,X-line,y,400,x,0,547.5,550,-2.5,220,2.5,655,664,40,81,7.0,24.4,A Block\SEGY_20260821_113207\SEGY_20260821_113207\20.8.26 A Block new009_20260820_171936\20.8.26 A Block new009_20260820_171936_20260821_113207_HF.sgy,A Block\SEGY_20260821_113207\SEGY_20260821_113207\20.8.26 A Block new009_20260820_171936\20.8.26 A Block new009_20260820_171936_20260821_113207_LF.sgy
A,10,X-line,y,450,x,0,547.5,550,-2.5,220,2.5,655,664,40,81,7.0,24.4,A Block\SEGY_20260821_113207\SEGY_20260821_113207\20.8.26 A Block new010_20260820_172014\20.8.26 A Block new010_20260820_172014_20260821_113207_HF.sgy,A Block\SEGY_20260821_113207\SEGY_20260821_113207\20.8.26 A Block new010_20260820_172014\20.8.26 A Block new010_20260820_172014_20260821_113207_LF.sgy
A,11,X-line,y,500,x,0,557.5,550,7.5,224,2.5,655,664,40,81,7.0,24.4,A Block\SEGY_20260821_113207\SEGY_20260821_113207\20.8.26 A Block new011_20260820_172050\20.8.26 A Block new011_20260820_172050_20260821_113207_HF.sgy,A Block\SEGY_20260821_113207\SEGY_20260821_113207\20.8.26 A Block new011_20260820_172050\20.8.26 A Block new011_20260820_172050_20260821_113207_LF.sgy
A,12,X-line,y,550,x,0,547.5,550,-2.5,220,2.5,655,664,40,81,7.0,24.4,A Block\SEGY_20260821_113207\SEGY_20260821_113207\20.8.26 A Block new012_20260820_172115\20.8.26 A Block new012_20260820_172115_20260821_113207_HF.sgy,A Block\SEGY_20260821_113207\SEGY_20260821_113207\20.8.26 A Block new012_20260820_172115\20.8.26 A Block new012_20260820_172115_20260821_113207_LF.sgy
A,13,Y-line,x,0,y,0,550.0,550,0.0,221,2.5,655,664,40,81,7.0,24.4,A Block\SEGY_20260821_113207\SEGY_20260821_113207\20.8.26 A Block new013_20260820_172200\20.8.26 A Block new013_20260820_172200_20260821_113207_HF.sgy,A Block\SEGY_20260821_113207\SEGY_20260821_113207\20.8.26 A Block new013_20260820_172200\20.8.26 A Block new013_20260820_172200_20260821_113207_LF.sgy
A,14,Y-line,x,50,y,0,535.0,550,-15.0,215,2.5,655,664,40,81,7.0,24.4,A Block\SEGY_20260821_113207\SEGY_20260821_113207\20.8.26 A Block new014_20260820_172243\20.8.26 A Block new014_20260820_172243_20260821_113207_HF.sgy,A Block\SEGY_20260821_113207\SEGY_20260821_113207\20.8.26 A Block new014_20260820_172243\20.8.26 A Block new014_20260820_172243_20260821_113207_LF.sgy
A,15,Y-line,x,100,y,0,545.0,550,-5.0,219,2.5,655,664,40,81,7.0,24.4,A Block\SEGY_20260821_113207\SEGY_20260821_113207\20.8.26 A Block new015_20260820_172313\20.8.26 A Block new015_20260820_172313_20260821_113207_HF.sgy,A Block\SEGY_20260821_113207\SEGY_20260821_113207\20.8.26 A Block new015_20260820_172313\20.8.26 A Block new015_20260820_172313_20260821_113207_LF.sgy
A,16,Y-line,x,150,y,0,547.5,550,-2.5,220,2.5,655,664,40,81,7.0,24.4,A Block\SEGY_20260821_113207\SEGY_20260821_113207\20.8.26 A Block new016_20260820_172355\20.8.26 A Block new016_20260820_172355_20260821_113207_HF.sgy,A Block\SEGY_20260821_113207\SEGY_20260821_113207\20.8.26 A Block new016_20260820_172355\20.8.26 A Block new016_20260820_172355_20260821_113207_LF.sgy
A,17,Y-line,x,200,y,0,550.0,550,0.0,221,2.5,655,664,40,81,7.0,24.4,A Block\SEGY_20260821_113207\SEGY_20260821_113207\20.8.26 A Block new017_20260820_172444\20.8.26 A Block new017_20260820_172444_20260821_113207_HF.sgy,A Block\SEGY_20260821_113207\SEGY_20260821_113207\20.8.26 A Block new017_20260820_172444\20.8.26 A Block new017_20260820_172444_20260821_113207_LF.sgy
A,18,Y-line,x,250,y,0,545.0,550,-5.0,219,2.5,655,664,40,81,7.0,24.4,A Block\SEGY_20260821_113207\SEGY_20260821_113207\20.8.26 A Block new018_20260820_172527\20.8.26 A Block new018_20260820_172527_20260821_113207_HF.sgy,A Block\SEGY_20260821_113207\SEGY_20260821_113207\20.8.26 A Block new018_20260820_172527\20.8.26 A Block new018_20260820_172527_20260821_113207_LF.sgy
A,19,Y-line,x,300,y,0,547.5,550,-2.5,220,2.5,655,664,40,81,7.0,24.4,A Block\SEGY_20260821_113207\SEGY_20260821_113207\20.8.26 A Block new019_20260820_172601\20.8.26 A Block new019_20260820_172601_20260821_113207_HF.sgy,A Block\SEGY_20260821_113207\SEGY_20260821_113207\20.8.26 A Block new019_20260820_172601\20.8.26 A Block new019_20260820_172601_20260821_113207_LF.sgy
A,20,Y-line,x,350,y,0,525.0,550,-25.0,211,2.5,655,664,40,81,7.0,24.4,A Block\SEGY_20260821_113207\SEGY_20260821_113207\20.8.26 A Block new020_20260820_172646\20.8.26 A Block new020_20260820_172646_20260821_113207_HF.sgy,A Block\SEGY_20260821_113207\SEGY_20260821_113207\20.8.26 A Block new020_20260820_172646\20.8.26 A Block new020_20260820_172646_20260821_113207_LF.sgy
A,21,Y-line,x,400,y,0,530.0,550,-20.0,213,2.5,655,664,40,81,7.0,24.4,A Block\SEGY_20260821_113207\SEGY_20260821_113207\20.8.26 A Block new021_20260820_172720\20.8.26 A Block new021_20260820_172720_20260821_113401_HF.sgy,A Block\SEGY_20260821_113207\SEGY_20260821_113207\20.8.26 A Block new021_20260820_172720\20.8.26 A Block new021_20260820_172720_20260821_113401_LF.sgy
A,22,Y-line,x,450,y,0,552.5,550,2.5,222,2.5,655,664,40,81,7.0,24.4,A Block\SEGY_20260821_113207\SEGY_20260821_113207\20.8.26 A Block new022_20260820_172754\20.8.26 A Block new022_20260820_172754_20260821_113401_HF.sgy,A Block\SEGY_20260821_113207\SEGY_20260821_113207\20.8.26 A Block new022_20260820_172754\20.8.26 A Block new022_20260820_172754_20260821_113401_LF.sgy
A,23,Y-line,x,500,y,0,542.5,550,-7.5,218,2.5,655,664,40,81,7.0,24.4,A Block\SEGY_20260821_113207\SEGY_20260821_113207\20.8.26 A Block new023_20260820_172828\20.8.26 A Block new023_20260820_172828_20260821_113401_HF.sgy,A Block\SEGY_20260821_113207\SEGY_20260821_113207\20.8.26 A Block new023_20260820_172828\20.8.26 A Block new023_20260820_172828_20260821_113401_LF.sgy
A,24,Y-line,x,550,y,0,537.5,550,-12.5,216,2.5,655,664,40,81,7.0,24.4,A Block\SEGY_20260821_113207\SEGY_20260821_113207\20.8.26 A Block new024_20260820_172858\20.8.26 A Block new024_20260820_172858_20260821_113401_HF.sgy,A Block\SEGY_20260821_113207\SEGY_20260821_113207\20.8.26 A Block new024_20260820_172858\20.8.26 A Block new024_20260820_172858_20260821_113401_LF.sgy
B,1,X-line,y,0,x,0,965.0,950,15.0,387,2.5,655,664,40,81,7.0,24.4,B Block\SEGY_20260821_115004\SEGY_20260821_115004\20.8.26 B Block proceq new001_20260820_180157\20.8.26 B Block proceq new001_20260820_180157_20260821_120010_HF.sgy,B Block\SEGY_20260821_115004\SEGY_20260821_115004\20.8.26 B Block proceq new001_20260820_180157\20.8.26 B Block proceq new001_20260820_180157_20260821_120010_LF.sgy
B,2,X-line,y,50,x,0,957.5,950,7.5,384,2.5,655,664,40,81,7.0,24.4,B Block\SEGY_20260821_115004\SEGY_20260821_115004\20.8.26 B Block proceq new002_20260820_180238\20.8.26 B Block proceq new002_20260820_180238_20260821_120010_HF.sgy,B Block\SEGY_20260821_115004\SEGY_20260821_115004\20.8.26 B Block proceq new002_20260820_180238\20.8.26 B Block proceq new002_20260820_180238_20260821_120010_LF.sgy
B,3,X-line,y,100,x,0,960.0,950,10.0,385,2.5,655,664,40,81,7.0,24.4,B Block\SEGY_20260821_115004\SEGY_20260821_115004\20.8.26 B Block proceq new003_20260820_180328\20.8.26 B Block proceq new003_20260820_180328_20260821_120010_HF.sgy,B Block\SEGY_20260821_115004\SEGY_20260821_115004\20.8.26 B Block proceq new003_20260820_180328\20.8.26 B Block proceq new003_20260820_180328_20260821_120010_LF.sgy
B,4,X-line,y,150,x,0,957.5,950,7.5,384,2.5,655,664,40,81,7.0,24.4,B Block\SEGY_20260821_115004\SEGY_20260821_115004\20.8.26 B Block proceq new004_20260820_180642\20.8.26 B Block proceq new004_20260820_180642_20260821_120010_HF.sgy,B Block\SEGY_20260821_115004\SEGY_20260821_115004\20.8.26 B Block proceq new004_20260820_180642\20.8.26 B Block proceq new004_20260820_180642_20260821_120010_LF.sgy
B,5,X-line,y,200,x,0,957.5,950,7.5,384,2.5,655,664,40,81,7.0,24.4,B Block\SEGY_20260821_115004\SEGY_20260821_115004\20.8.26 B Block proceq new005_20260820_180821\20.8.26 B Block proceq new005_20260820_180821_20260821_120010_HF.sgy,B Block\SEGY_20260821_115004\SEGY_20260821_115004\20.8.26 B Block proceq new005_20260820_180821\20.8.26 B Block proceq new005_20260820_180821_20260821_120010_LF.sgy
B,6,X-line,y,250,x,0,960.0,950,10.0,385,2.5,655,664,40,81,7.0,24.4,B Block\SEGY_20260821_115004\SEGY_20260821_115004\20.8.26 B Block proceq new006_20260820_180908\20.8.26 B Block proceq new006_20260820_180908_20260821_120010_HF.sgy,B Block\SEGY_20260821_115004\SEGY_20260821_115004\20.8.26 B Block proceq new006_20260820_180908\20.8.26 B Block proceq new006_20260820_180908_20260821_120010_LF.sgy
B,7,X-line,y,300,x,0,967.5,950,17.5,388,2.5,655,664,40,81,7.0,24.4,B Block\SEGY_20260821_115004\SEGY_20260821_115004\20.8.26 B Block proceq new007_20260820_180952\20.8.26 B Block proceq new007_20260820_180952_20260821_120010_HF.sgy,B Block\SEGY_20260821_115004\SEGY_20260821_115004\20.8.26 B Block proceq new007_20260820_180952\20.8.26 B Block proceq new007_20260820_180952_20260821_120010_LF.sgy
B,8,X-line,y,350,x,0,962.5,950,12.5,386,2.5,655,664,40,81,7.0,24.4,B Block\SEGY_20260821_115004\SEGY_20260821_115004\20.8.26 B Block proceq new008_20260820_181049\20.8.26 B Block proceq new008_20260820_181049_20260821_120010_HF.sgy,B Block\SEGY_20260821_115004\SEGY_20260821_115004\20.8.26 B Block proceq new008_20260820_181049\20.8.26 B Block proceq new008_20260820_181049_20260821_120010_LF.sgy
B,9,X-line,y,400,x,0,960.0,950,10.0,385,2.5,655,664,40,81,7.0,24.4,B Block\SEGY_20260821_115004\SEGY_20260821_115004\20.8.26 B Block proceq new009_20260820_181144\20.8.26 B Block proceq new009_20260820_181144_20260821_120010_HF.sgy,B Block\SEGY_20260821_115004\SEGY_20260821_115004\20.8.26 B Block proceq new009_20260820_181144\20.8.26 B Block proceq new009_20260820_181144_20260821_120010_LF.sgy
B,10,X-line,y,450,x,0,952.5,950,2.5,382,2.5,655,664,40,81,7.0,24.4,B Block\SEGY_20260821_115004\SEGY_20260821_115004\20.8.26 B Block proceq new010_20260820_181228\20.8.26 B Block proceq new010_20260820_181228_20260821_115320_HF.sgy,B Block\SEGY_20260821_115004\SEGY_20260821_115004\20.8.26 B Block proceq new010_20260820_181228\20.8.26 B Block proceq new010_20260820_181228_20260821_115320_LF.sgy
B,11,X-line,y,500,x,0,960.0,950,10.0,385,2.5,655,664,40,81,7.0,24.4,B Block\SEGY_20260821_115004\SEGY_20260821_115004\20.8.26 B Block proceq new011_20260820_181315\20.8.26 B Block proceq new011_20260820_181315_20260821_115320_HF.sgy,B Block\SEGY_20260821_115004\SEGY_20260821_115004\20.8.26 B Block proceq new011_20260820_181315\20.8.26 B Block proceq new011_20260820_181315_20260821_115320_LF.sgy
B,12,X-line,y,550,x,0,947.5,950,-2.5,380,2.5,655,664,40,81,7.0,24.4,B Block\SEGY_20260821_115004\SEGY_20260821_115004\20.8.26 B Block proceq new012_20260820_181404\20.8.26 B Block proceq new012_20260820_181404_20260821_115320_HF.sgy,B Block\SEGY_20260821_115004\SEGY_20260821_115004\20.8.26 B Block proceq new012_20260820_181404\20.8.26 B Block proceq new012_20260820_181404_20260821_115320_LF.sgy
B,13,X-line,y,600,x,0,950.0,950,0.0,381,2.5,655,664,40,81,7.0,24.4,B Block\SEGY_20260821_115004\SEGY_20260821_115004\20.8.26 B Block proceq new013_20260820_181459\20.8.26 B Block proceq new013_20260820_181459_20260821_115320_HF.sgy,B Block\SEGY_20260821_115004\SEGY_20260821_115004\20.8.26 B Block proceq new013_20260820_181459\20.8.26 B Block proceq new013_20260820_181459_20260821_115320_LF.sgy
B,14,Y-line,x,0,y,0,615.0,600,15.0,247,2.5,655,664,40,81,7.0,24.4,B Block\SEGY_20260821_115004\SEGY_20260821_115004\20.8.26 B Block proceq new014_20260820_181627\20.8.26 B Block proceq new014_20260820_181627_20260821_115320_HF.sgy,B Block\SEGY_20260821_115004\SEGY_20260821_115004\20.8.26 B Block proceq new014_20260820_181627\20.8.26 B Block proceq new014_20260820_181627_20260821_115320_LF.sgy
B,15,Y-line,x,50,y,0,602.5,600,2.5,242,2.5,655,664,40,81,7.0,24.4,B Block\SEGY_20260821_115004\SEGY_20260821_115004\20.8.26 B Block proceq new015_20260820_181708\20.8.26 B Block proceq new015_20260820_181708_20260821_115320_HF.sgy,B Block\SEGY_20260821_115004\SEGY_20260821_115004\20.8.26 B Block proceq new015_20260820_181708\20.8.26 B Block proceq new015_20260820_181708_20260821_115320_LF.sgy
B,16,Y-line,x,100,y,0,610.0,600,10.0,245,2.5,655,664,40,81,7.0,24.4,B Block\SEGY_20260821_115004\SEGY_20260821_115004\20.8.26 B Block proceq new016_20260820_181740\20.8.26 B Block proceq new016_20260820_181740_20260821_115320_HF.sgy,B Block\SEGY_20260821_115004\SEGY_20260821_115004\20.8.26 B Block proceq new016_20260820_181740\20.8.26 B Block proceq new016_20260820_181740_20260821_115320_LF.sgy
B,17,Y-line,x,150,y,0,607.5,600,7.5,244,2.5,655,664,40,81,7.0,24.4,B Block\SEGY_20260821_115004\SEGY_20260821_115004\20.8.26 B Block proceq new017_20260820_181814\20.8.26 B Block proceq new017_20260820_181814_20260821_115320_HF.sgy,B Block\SEGY_20260821_115004\SEGY_20260821_115004\20.8.26 B Block proceq new017_20260820_181814\20.8.26 B Block proceq new017_20260820_181814_20260821_115320_LF.sgy
B,18,Y-line,x,200,y,0,602.5,600,2.5,242,2.5,655,664,40,81,7.0,24.4,B Block\SEGY_20260821_115004\SEGY_20260821_115004\20.8.26 B Block proceq new018_20260820_181854\20.8.26 B Block proceq new018_20260820_181854_20260821_115320_HF.sgy,B Block\SEGY_20260821_115004\SEGY_20260821_115004\20.8.26 B Block proceq new018_20260820_181854\20.8.26 B Block proceq new018_20260820_181854_20260821_115320_LF.sgy
B,19,Y-line,x,250,y,0,602.5,600,2.5,242,2.5,655,664,40,81,7.0,24.4,B Block\SEGY_20260821_115004\SEGY_20260821_115004\20.8.26 B Block proceq new019_20260820_181922\20.8.26 B Block proceq new019_20260820_181922_20260821_115320_HF.sgy,B Block\SEGY_20260821_115004\SEGY_20260821_115004\20.8.26 B Block proceq new019_20260820_181922\20.8.26 B Block proceq new019_20260820_181922_20260821_115320_LF.sgy
B,20,Y-line,x,300,y,0,605.0,600,5.0,243,2.5,655,664,40,81,7.0,24.4,B Block\SEGY_20260821_115004\SEGY_20260821_115004\20.8.26 B Block proceq new020_20260820_181950\20.8.26 B Block proceq new020_20260820_181950_20260821_115320_HF.sgy,B Block\SEGY_20260821_115004\SEGY_20260821_115004\20.8.26 B Block proceq new020_20260820_181950\20.8.26 B Block proceq new020_20260820_181950_20260821_115320_LF.sgy
B,21,Y-line,x,350,y,0,600.0,600,0.0,241,2.5,655,664,40,81,7.0,24.4,B Block\SEGY_20260821_115004\SEGY_20260821_115004\20.8.26 B Block proceq new021_20260820_182035\20.8.26 B Block proceq new021_20260820_182035_20260821_115320_HF.sgy,B Block\SEGY_20260821_115004\SEGY_20260821_115004\20.8.26 B Block proceq new021_20260820_182035\20.8.26 B Block proceq new021_20260820_182035_20260821_115320_LF.sgy
B,22,Y-line,x,400,y,0,607.5,600,7.5,244,2.5,655,664,40,81,7.0,24.4,B Block\SEGY_20260821_115004\SEGY_20260821_115004\20.8.26 B Block proceq new022_20260820_182110\20.8.26 B Block proceq new022_20260820_182110_20260821_115320_HF.sgy,B Block\SEGY_20260821_115004\SEGY_20260821_115004\20.8.26 B Block proceq new022_20260820_182110\20.8.26 B Block proceq new022_20260820_182110_20260821_115320_LF.sgy
B,23,Y-line,x,450,y,0,602.5,600,2.5,242,2.5,655,664,40,81,7.0,24.4,B Block\SEGY_20260821_115004\SEGY_20260821_115004\20.8.26 B Block proceq new023_20260820_182141\20.8.26 B Block proceq new023_20260820_182141_20260821_115320_HF.sgy,B Block\SEGY_20260821_115004\SEGY_20260821_115004\20.8.26 B Block proceq new023_20260820_182141\20.8.26 B Block proceq new023_20260820_182141_20260821_115320_LF.sgy
B,24,Y-line,x,500,y,0,630.0,600,30.0,253,2.5,655,664,40,81,7.0,24.4,B Block\SEGY_20260821_115004\SEGY_20260821_115004\20.8.26 B Block proceq new024_20260820_182211\20.8.26 B Block proceq new024_20260820_182211_20260821_115320_HF.sgy,B Block\SEGY_20260821_115004\SEGY_20260821_115004\20.8.26 B Block proceq new024_20260820_182211\20.8.26 B Block proceq new024_20260820_182211_20260821_115320_LF.sgy
B,25,Y-line,x,550,y,0,602.5,600,2.5,242,2.5,655,664,40,81,7.0,24.4,B Block\SEGY_20260821_115004\SEGY_20260821_115004\20.8.26 B Block proceq new025_20260820_182244\20.8.26 B Block proceq new025_20260820_182244_20260821_115320_HF.sgy,B Block\SEGY_20260821_115004\SEGY_20260821_115004\20.8.26 B Block proceq new025_20260820_182244\20.8.26 B Block proceq new025_20260820_182244_20260821_115320_LF.sgy
B,26,Y-line,x,600,y,0,602.5,600,2.5,242,2.5,655,664,40,81,7.0,24.4,B Block\SEGY_20260821_115004\SEGY_20260821_115004\20.8.26 B Block proceq new026_20260820_182318\20.8.26 B Block proceq new026_20260820_182318_20260821_115320_HF.sgy,B Block\SEGY_20260821_115004\SEGY_20260821_115004\20.8.26 B Block proceq new026_20260820_182318\20.8.26 B Block proceq new026_20260820_182318_20260821_115320_LF.sgy
B,27,Y-line,x,650,y,0,607.5,600,7.5,244,2.5,655,664,40,81,7.0,24.4,B Block\SEGY_20260821_115004\SEGY_20260821_115004\20.8.26 B Block proceq new027_20260820_182402\20.8.26 B Block proceq new027_20260820_182402_20260821_115320_HF.sgy,B Block\SEGY_20260821_115004\SEGY_20260821_115004\20.8.26 B Block proceq new027_20260820_182402\20.8.26 B Block proceq new027_20260820_182402_20260821_115320_LF.sgy
B,28,Y-line,x,700,y,0,607.5,600,7.5,244,2.5,655,664,40,81,7.0,24.4,B Block\SEGY_20260821_115004\SEGY_20260821_115004\20.8.26 B Block proceq new028_20260820_182444\20.8.26 B Block proceq new028_20260820_182444_20260821_115320_HF.sgy,B Block\SEGY_20260821_115004\SEGY_20260821_115004\20.8.26 B Block proceq new028_20260820_182444\20.8.26 B Block proceq new028_20260820_182444_20260821_115320_LF.sgy
B,29,Y-line,x,750,y,0,600.0,600,0.0,241,2.5,655,664,40,81,7.0,24.4,B Block\SEGY_20260821_115004\SEGY_20260821_115004\20.8.26 B Block proceq new029_20260820_182523\20.8.26 B Block proceq new029_20260820_182523_20260821_115320_HF.sgy,B Block\SEGY_20260821_115004\SEGY_20260821_115004\20.8.26 B Block proceq new029_20260820_182523\20.8.26 B Block proceq new029_20260820_182523_20260821_115320_LF.sgy
B,30,Y-line,x,800,y,0,607.5,600,7.5,244,2.5,655,664,40,81,7.0,24.4,B Block\SEGY_20260821_115004\SEGY_20260821_115004\20.8.26 B Block proceq new030_20260820_182625\20.8.26 B Block proceq new030_20260820_182625_20260821_115004_HF.sgy,B Block\SEGY_20260821_115004\SEGY_20260821_115004\20.8.26 B Block proceq new030_20260820_182625\20.8.26 B Block proceq new030_20260820_182625_20260821_115004_LF.sgy
B,31,Y-line,x,850,y,0,602.5,600,2.5,242,2.5,655,664,40,81,7.0,24.4,B Block\SEGY_20260821_115004\SEGY_20260821_115004\20.8.26 B Block proceq new031_20260820_182700\20.8.26 B Block proceq new031_20260820_182700_20260821_115004_HF.sgy,B Block\SEGY_20260821_115004\SEGY_20260821_115004\20.8.26 B Block proceq new031_20260820_182700\20.8.26 B Block proceq new031_20260820_182700_20260821_115004_LF.sgy
B,32,Y-line,x,900,y,0,602.5,600,2.5,242,2.5,655,664,40,81,7.0,24.4,B Block\SEGY_20260821_115004\SEGY_20260821_115004\20.8.26 B Block proceq new032_20260820_182741\20.8.26 B Block proceq new032_20260820_182741_20260821_115004_HF.sgy,B Block\SEGY_20260821_115004\SEGY_20260821_115004\20.8.26 B Block proceq new032_20260820_182741\20.8.26 B Block proceq new032_20260820_182741_20260821_115004_LF.sgy
B,33,Y-line,x,950,y,0,605.0,600,5.0,243,2.5,655,664,40,81,7.0,24.4,B Block\SEGY_20260821_115004\SEGY_20260821_115004\20.8.26 B Block proceq new033_20260820_182823\20.8.26 B Block proceq new033_20260820_182823_20260821_115004_HF.sgy,B Block\SEGY_20260821_115004\SEGY_20260821_115004\20.8.26 B Block proceq new033_20260820_182823\20.8.26 B Block proceq new033_20260820_182823_20260821_115004_LF.sgy
C,1,X-line,y,0,x,0,697.5,700,-2.5,280,2.5,655,664,40,81,7.0,24.4,C Block\SEGY_20260821_114331\SEGY_20260821_114331\20.8.26 C Block new001_20260820_184938\20.8.26 C Block new001_20260820_184938_20260821_114331_HF.sgy,C Block\SEGY_20260821_114331\SEGY_20260821_114331\20.8.26 C Block new001_20260820_184938\20.8.26 C Block new001_20260820_184938_20260821_114331_LF.sgy
C,2,X-line,y,50,x,0,707.5,700,7.5,284,2.5,655,664,40,81,7.0,24.4,C Block\SEGY_20260821_114331\SEGY_20260821_114331\20.8.26 C Block new002_20260820_185029\20.8.26 C Block new002_20260820_185029_20260821_114331_HF.sgy,C Block\SEGY_20260821_114331\SEGY_20260821_114331\20.8.26 C Block new002_20260820_185029\20.8.26 C Block new002_20260820_185029_20260821_114331_LF.sgy
C,3,X-line,y,100,x,0,697.5,700,-2.5,280,2.5,655,664,40,81,7.0,24.4,C Block\SEGY_20260821_114331\SEGY_20260821_114331\20.8.26 C Block new003_20260820_185105\20.8.26 C Block new003_20260820_185105_20260821_114331_HF.sgy,C Block\SEGY_20260821_114331\SEGY_20260821_114331\20.8.26 C Block new003_20260820_185105\20.8.26 C Block new003_20260820_185105_20260821_114331_LF.sgy
C,4,X-line,y,150,x,0,705.0,700,5.0,283,2.5,655,664,40,81,7.0,24.4,C Block\SEGY_20260821_114331\SEGY_20260821_114331\20.8.26 C Block new004_20260820_185141\20.8.26 C Block new004_20260820_185141_20260821_114331_HF.sgy,C Block\SEGY_20260821_114331\SEGY_20260821_114331\20.8.26 C Block new004_20260820_185141\20.8.26 C Block new004_20260820_185141_20260821_114331_LF.sgy
C,5,X-line,y,200,x,0,697.5,700,-2.5,280,2.5,655,664,40,81,7.0,24.4,C Block\SEGY_20260821_114331\SEGY_20260821_114331\20.8.26 C Block new005_20260820_185215\20.8.26 C Block new005_20260820_185215_20260821_114331_HF.sgy,C Block\SEGY_20260821_114331\SEGY_20260821_114331\20.8.26 C Block new005_20260820_185215\20.8.26 C Block new005_20260820_185215_20260821_114331_LF.sgy
C,6,X-line,y,250,x,0,692.5,700,-7.5,278,2.5,655,664,40,81,7.0,24.4,C Block\SEGY_20260821_114331\SEGY_20260821_114331\20.8.26 C Block new006_20260820_185244\20.8.26 C Block new006_20260820_185244_20260821_114331_HF.sgy,C Block\SEGY_20260821_114331\SEGY_20260821_114331\20.8.26 C Block new006_20260820_185244\20.8.26 C Block new006_20260820_185244_20260821_114331_LF.sgy
C,7,X-line,y,300,x,0,695.0,700,-5.0,279,2.5,655,664,40,81,7.0,24.4,C Block\SEGY_20260821_114331\SEGY_20260821_114331\20.8.26 C Block new007_20260820_185316\20.8.26 C Block new007_20260820_185316_20260821_114331_HF.sgy,C Block\SEGY_20260821_114331\SEGY_20260821_114331\20.8.26 C Block new007_20260820_185316\20.8.26 C Block new007_20260820_185316_20260821_114331_LF.sgy
C,8,X-line,y,350,x,0,677.5,700,-22.5,272,2.5,655,664,40,81,7.0,24.4,C Block\SEGY_20260821_114331\SEGY_20260821_114331\20.8.26 C Block new008_20260820_185350\20.8.26 C Block new008_20260820_185350_20260821_114331_HF.sgy,C Block\SEGY_20260821_114331\SEGY_20260821_114331\20.8.26 C Block new008_20260820_185350\20.8.26 C Block new008_20260820_185350_20260821_114331_LF.sgy
C,9,X-line,y,400,x,0,680.0,700,-20.0,273,2.5,655,664,40,81,7.0,24.4,C Block\SEGY_20260821_114331\SEGY_20260821_114331\20.8.26 C Block new009_20260820_185437\20.8.26 C Block new009_20260820_185437_20260821_114331_HF.sgy,C Block\SEGY_20260821_114331\SEGY_20260821_114331\20.8.26 C Block new009_20260820_185437\20.8.26 C Block new009_20260820_185437_20260821_114331_LF.sgy
C,10,X-line,y,450,x,0,685.0,700,-15.0,275,2.5,655,664,40,81,7.0,24.4,C Block\SEGY_20260821_114331\SEGY_20260821_114331\20.8.26 C Block new010_20260820_185516\20.8.26 C Block new010_20260820_185516_20260821_114331_HF.sgy,C Block\SEGY_20260821_114331\SEGY_20260821_114331\20.8.26 C Block new010_20260820_185516\20.8.26 C Block new010_20260820_185516_20260821_114331_LF.sgy
C,11,X-line,y,500,x,0,660.0,700,-40.0,265,2.5,655,664,40,81,7.0,24.4,C Block\SEGY_20260821_114331\SEGY_20260821_114331\20.8.26 C Block new011_20260820_185552\20.8.26 C Block new011_20260820_185552_20260821_114331_HF.sgy,C Block\SEGY_20260821_114331\SEGY_20260821_114331\20.8.26 C Block new011_20260820_185552\20.8.26 C Block new011_20260820_185552_20260821_114331_LF.sgy
C,12,X-line,y,550,x,0,670.0,700,-30.0,269,2.5,655,664,40,81,7.0,24.4,C Block\SEGY_20260821_114331\SEGY_20260821_114331\20.8.26 C Block new012_20260820_185636\20.8.26 C Block new012_20260820_185636_20260821_114331_HF.sgy,C Block\SEGY_20260821_114331\SEGY_20260821_114331\20.8.26 C Block new012_20260820_185636\20.8.26 C Block new012_20260820_185636_20260821_114331_LF.sgy
C,13,X-line,y,600,x,0,680.0,700,-20.0,273,2.5,655,664,40,81,7.0,24.4,C Block\SEGY_20260821_114331\SEGY_20260821_114331\20.8.26 C Block new013_20260820_185720\20.8.26 C Block new013_20260820_185720_20260821_114331_HF.sgy,C Block\SEGY_20260821_114331\SEGY_20260821_114331\20.8.26 C Block new013_20260820_185720\20.8.26 C Block new013_20260820_185720_20260821_114331_LF.sgy
C,14,X-line,y,650,x,0,672.5,700,-27.5,270,2.5,655,664,40,81,7.0,24.4,C Block\SEGY_20260821_114331\SEGY_20260821_114331\20.8.26 C Block new014_20260820_185757\20.8.26 C Block new014_20260820_185757_20260821_114331_HF.sgy,C Block\SEGY_20260821_114331\SEGY_20260821_114331\20.8.26 C Block new014_20260820_185757\20.8.26 C Block new014_20260820_185757_20260821_114331_LF.sgy
C,15,X-line,y,700,x,0,710.0,700,10.0,285,2.5,655,664,40,81,7.0,24.4,C Block\SEGY_20260821_114331\SEGY_20260821_114331\20.8.26 C Block new015_20260820_185903\20.8.26 C Block new015_20260820_185903_20260821_114331_HF.sgy,C Block\SEGY_20260821_114331\SEGY_20260821_114331\20.8.26 C Block new015_20260820_185903\20.8.26 C Block new015_20260820_185903_20260821_114331_LF.sgy
C,16,X-line,y,750,x,0,672.5,700,-27.5,270,2.5,655,664,40,81,7.0,24.4,C Block\SEGY_20260821_114331\SEGY_20260821_114331\20.8.26 C Block new016_20260820_185945\20.8.26 C Block new016_20260820_185945_20260821_114331_HF.sgy,C Block\SEGY_20260821_114331\SEGY_20260821_114331\20.8.26 C Block new016_20260820_185945\20.8.26 C Block new016_20260820_185945_20260821_114331_LF.sgy
C,17,X-line,y,800,x,0,712.5,700,12.5,286,2.5,655,664,40,81,7.0,24.4,C Block\SEGY_20260821_114331\SEGY_20260821_114331\20.8.26 C Block new017_20260820_190026\20.8.26 C Block new017_20260820_190026_20260821_114623_HF.sgy,C Block\SEGY_20260821_114331\SEGY_20260821_114331\20.8.26 C Block new017_20260820_190026\20.8.26 C Block new017_20260820_190026_20260821_114623_LF.sgy
C,18,Y-line,x,0,y,0,790.0,800,-10.0,317,2.5,655,664,40,81,7.0,24.4,C Block\SEGY_20260821_114331\SEGY_20260821_114331\20.8.26 C Block new018_20260820_190126\20.8.26 C Block new018_20260820_190126_20260821_114623_HF.sgy,C Block\SEGY_20260821_114331\SEGY_20260821_114331\20.8.26 C Block new018_20260820_190126\20.8.26 C Block new018_20260820_190126_20260821_114623_LF.sgy
C,19,Y-line,x,50,y,0,772.5,800,-27.5,310,2.5,655,664,40,81,7.0,24.4,C Block\SEGY_20260821_114331\SEGY_20260821_114331\20.8.26 C Block new019_20260820_190254\20.8.26 C Block new019_20260820_190254_20260821_114623_HF.sgy,C Block\SEGY_20260821_114331\SEGY_20260821_114331\20.8.26 C Block new019_20260820_190254\20.8.26 C Block new019_20260820_190254_20260821_114623_LF.sgy
C,20,Y-line,x,100,y,0,785.0,800,-15.0,315,2.5,655,664,40,81,7.0,24.4,C Block\SEGY_20260821_114331\SEGY_20260821_114331\20.8.26 C Block new020_20260820_190358\20.8.26 C Block new020_20260820_190358_20260821_114623_HF.sgy,C Block\SEGY_20260821_114331\SEGY_20260821_114331\20.8.26 C Block new020_20260820_190358\20.8.26 C Block new020_20260820_190358_20260821_114623_LF.sgy
C,21,Y-line,x,150,y,0,775.0,800,-25.0,311,2.5,655,664,40,81,7.0,24.4,C Block\SEGY_20260821_114331\SEGY_20260821_114331\20.8.26 C Block new021_20260820_190446\20.8.26 C Block new021_20260820_190446_20260821_114623_HF.sgy,C Block\SEGY_20260821_114331\SEGY_20260821_114331\20.8.26 C Block new021_20260820_190446\20.8.26 C Block new021_20260820_190446_20260821_114623_LF.sgy
C,22,Y-line,x,200,y,0,825.0,800,25.0,331,2.5,655,664,40,81,7.0,24.4,C Block\SEGY_20260821_114331\SEGY_20260821_114331\20.8.26 C Block new022_20260820_190551\20.8.26 C Block new022_20260820_190551_20260821_114623_HF.sgy,C Block\SEGY_20260821_114331\SEGY_20260821_114331\20.8.26 C Block new022_20260820_190551\20.8.26 C Block new022_20260820_190551_20260821_114623_LF.sgy
C,23,Y-line,x,250,y,0,805.0,800,5.0,323,2.5,655,664,40,81,7.0,24.4,C Block\SEGY_20260821_114331\SEGY_20260821_114331\20.8.26 C Block new023_20260820_190635\20.8.26 C Block new023_20260820_190635_20260821_114623_HF.sgy,C Block\SEGY_20260821_114331\SEGY_20260821_114331\20.8.26 C Block new023_20260820_190635\20.8.26 C Block new023_20260820_190635_20260821_114623_LF.sgy
C,24,Y-line,x,300,y,0,812.5,800,12.5,326,2.5,655,664,40,81,7.0,24.4,C Block\SEGY_20260821_114331\SEGY_20260821_114331\20.8.26 C Block new024_20260820_190718\20.8.26 C Block new024_20260820_190718_20260821_114623_HF.sgy,C Block\SEGY_20260821_114331\SEGY_20260821_114331\20.8.26 C Block new024_20260820_190718\20.8.26 C Block new024_20260820_190718_20260821_114623_LF.sgy
C,25,Y-line,x,350,y,0,787.5,800,-12.5,316,2.5,655,664,40,81,7.0,24.4,C Block\SEGY_20260821_114331\SEGY_20260821_114331\20.8.26 C Block new025_20260820_190806\20.8.26 C Block new025_20260820_190806_20260821_114623_HF.sgy,C Block\SEGY_20260821_114331\SEGY_20260821_114331\20.8.26 C Block new025_20260820_190806\20.8.26 C Block new025_20260820_190806_20260821_114623_LF.sgy
C,26,Y-line,x,400,y,0,782.5,800,-17.5,314,2.5,655,664,40,81,7.0,24.4,C Block\SEGY_20260821_114331\SEGY_20260821_114331\20.8.26 C Block new026_20260820_190851\20.8.26 C Block new026_20260820_190851_20260821_114623_HF.sgy,C Block\SEGY_20260821_114331\SEGY_20260821_114331\20.8.26 C Block new026_20260820_190851\20.8.26 C Block new026_20260820_190851_20260821_114623_LF.sgy
C,27,Y-line,x,450,y,0,792.5,800,-7.5,318,2.5,655,664,40,81,7.0,24.4,C Block\SEGY_20260821_114331\SEGY_20260821_114331\20.8.26 C Block new027_20260820_190934\20.8.26 C Block new027_20260820_190934_20260821_114623_HF.sgy,C Block\SEGY_20260821_114331\SEGY_20260821_114331\20.8.26 C Block new027_20260820_190934\20.8.26 C Block new027_20260820_190934_20260821_114623_LF.sgy
C,28,Y-line,x,500,y,0,790.0,800,-10.0,317,2.5,655,664,40,81,7.0,24.4,C Block\SEGY_20260821_114331\SEGY_20260821_114331\20.8.26 C Block new028_20260820_191017\20.8.26 C Block new028_20260820_191017_20260821_114623_HF.sgy,C Block\SEGY_20260821_114331\SEGY_20260821_114331\20.8.26 C Block new028_20260820_191017\20.8.26 C Block new028_20260820_191017_20260821_114623_LF.sgy
C,29,Y-line,x,550,y,0,795.0,800,-5.0,319,2.5,655,664,40,81,7.0,24.4,C Block\SEGY_20260821_114331\SEGY_20260821_114331\20.8.26 C Block new029_20260820_191116\20.8.26 C Block new029_20260820_191116_20260821_114623_HF.sgy,C Block\SEGY_20260821_114331\SEGY_20260821_114331\20.8.26 C Block new029_20260820_191116\20.8.26 C Block new029_20260820_191116_20260821_114623_LF.sgy
C,30,Y-line,x,600,y,0,797.5,800,-2.5,320,2.5,655,664,40,81,7.0,24.4,C Block\SEGY_20260821_114331\SEGY_20260821_114331\20.8.26 C Block new030_20260820_191219\20.8.26 C Block new030_20260820_191219_20260821_114623_HF.sgy,C Block\SEGY_20260821_114331\SEGY_20260821_114331\20.8.26 C Block new030_20260820_191219\20.8.26 C Block new030_20260820_191219_20260821_114623_LF.sgy
C,31,Y-line,x,650,y,0,800.0,800,0.0,321,2.5,655,664,40,81,7.0,24.4,C Block\SEGY_20260821_114331\SEGY_20260821_114331\20.8.26 C Block new031_20260820_191325\20.8.26 C Block new031_20260820_191325_20260821_114623_HF.sgy,C Block\SEGY_20260821_114331\SEGY_20260821_114331\20.8.26 C Block new031_20260820_191325\20.8.26 C Block new031_20260820_191325_20260821_114623_LF.sgy
C,32,Y-line,x,700,y,0,800.0,800,0.0,321,2.5,655,664,40,81,7.0,24.4,C Block\SEGY_20260821_114331\SEGY_20260821_114331\20.8.26 C Block new032_20260820_191405\20.8.26 C Block new032_20260820_191405_20260821_114623_HF.sgy,C Block\SEGY_20260821_114331\SEGY_20260821_114331\20.8.26 C Block new032_20260820_191405\20.8.26 C Block new032_20260820_191405_20260821_114623_LF.sgy
