block,line,trace,samp,t0_ns,v,rdp,semb,vwidth
A,20.8.26 A Block new001_20260820_17,70,176,10.742,0.16,3.51,11.0947,0.006
A,20.8.26 A Block new001_20260820_17,117,284,17.334,0.1015,8.72,9.8539,0.012
A,20.8.26 A Block new001_20260820_17,92,108,6.592,0.1195,6.29,9.1454,0.0255
A,20.8.26 A Block new002_20260820_17,45,260,15.869,0.1645,3.32,10.584,0.012
A,20.8.26 A Block new002_20260820_17,102,236,14.404,0.0865,12.01,10.8322,0.0015
A,20.8.26 A Block new002_20260820_17,114,262,15.991,0.0955,9.85,10.883,0.003
A,20.8.26 A Block new002_20260820_17,167,310,18.921,0.0955,9.85,10.6323,0.0045
A,20.8.26 A Block new003_20260820_17,82,164,10.01,0.0925,10.5,9.8735,0.0045
A,20.8.26 A Block new003_20260820_17,52,174,10.62,0.169,3.15,9.6872,0.0165
A,20.8.26 A Block new003_20260820_17,72,322,19.653,0.1705,3.09,10.0368,0.0075
A,20.8.26 A Block new004_20260820_17,116,200,12.207,0.1645,3.32,10.8024,0.012
A,20.8.26 A Block new004_20260820_17,50,216,13.184,0.1555,3.72,11.8346,0.0195
A,20.8.26 A Block new005_20260820_17,150,204,12.451,0.16,3.51,11.7052,0.0285
A,20.8.26 A Block new005_20260820_17,166,101,6.165,0.1495,4.02,11.4183,0.012
A,20.8.26 A Block new005_20260820_17,114,207,12.634,0.1405,4.55,10.6204,0.0075
A,20.8.26 A Block new006_20260820_17,156,192,11.719,0.1225,5.99,13.2986,0.009
A,20.8.26 A Block new006_20260820_17,154,246,15.015,0.1675,3.2,12.3522,0.0345
A,20.8.26 A Block new007_20260820_17,72,154,9.399,0.1285,5.44,9.9806,0.0105
A,20.8.26 A Block new007_20260820_17,162,288,17.578,0.112,7.16,10.1852,0.009
A,20.8.26 A Block new008_20260820_17,115,276,16.846,0.103,8.47,9.6614,0.0045
A,20.8.26 A Block new009_20260820_17,53,276,16.846,0.1,8.99,11.8923,0.0015
A,20.8.26 A Block new009_20260820_17,87,226,13.794,0.1045,8.23,11.5557,0.003
A,20.8.26 A Block new009_20260820_17,45,244,14.893,0.1135,6.98,10.1642,0.003
A,20.8.26 A Block new010_20260820_17,73,278,16.968,0.1075,7.78,10.782,0.006
A,20.8.26 A Block new010_20260820_17,137,108,6.592,0.0895,11.22,9.5841,0.009
A,20.8.26 A Block new010_20260820_17,81,310,18.921,0.1555,3.72,10.2273,0.0105
A,20.8.26 A Block new011_20260820_17,160,240,14.648,0.1735,2.99,10.2696,0.006
A,20.8.26 A Block new011_20260820_17,147,206,12.573,0.169,3.15,9.6532,0.0045
A,20.8.26 A Block new011_20260820_17,118,228,13.916,0.106,8.0,10.7528,0.009
A,20.8.26 A Block new012_20260820_17,54,107,6.531,0.154,3.79,10.4235,0.006
A,20.8.26 A Block new012_20260820_17,160,152,9.277,0.109,7.56,9.8393,0.0135
A,20.8.26 A Block new012_20260820_17,122,132,8.057,0.1555,3.72,9.8443,0.012
A,20.8.26 A Block new012_20260820_17,97,164,10.01,0.139,4.65,10.387,0.0105
A,20.8.26 A Block new013_20260820_17,45,122,7.446,0.16,3.51,9.339,0.0135
A,20.8.26 A Block new013_20260820_17,123,208,12.695,0.1255,5.71,11.2069,0.015
A,20.8.26 A Block new013_20260820_17,88,166,10.132,0.109,7.56,10.4309,0.0225
A,20.8.26 A Block new014_20260820_17,76,128,7.813,0.157,3.65,10.5313,0.0045
A,20.8.26 A Block new014_20260820_17,167,122,7.446,0.085,12.44,9.7689,0.0045
A,20.8.26 A Block new014_20260820_17,127,190,11.597,0.0895,11.22,10.4349,0.006
A,20.8.26 A Block new015_20260820_17,61,176,10.742,0.118,6.45,10.0572,0.009
A,20.8.26 A Block new015_20260820_17,45,276,16.846,0.1555,3.72,10.0982,0.012
A,20.8.26 A Block new015_20260820_17,165,128,7.813,0.1645,3.32,10.0016,0.006
A,20.8.26 A Block new016_20260820_17,76,230,14.038,0.094,10.17,10.187,0.0075
A,20.8.26 A Block new016_20260820_17,95,184,11.23,0.142,4.46,10.5423,0.0105
A,20.8.26 A Block new016_20260820_17,133,252,15.381,0.1525,3.86,11.1618,0.0105
A,20.8.26 A Block new016_20260820_17,87,268,16.357,0.1315,5.2,9.3481,0.009
A,20.8.26 A Block new017_20260820_17,78,222,13.55,0.109,7.56,10.7073,0.0015
A,20.8.26 A Block new017_20260820_17,144,290,17.7,0.118,6.45,11.83,0.003
A,20.8.26 A Block new017_20260820_17,100,143,8.728,0.13,5.32,10.0093,0.0075
A,20.8.26 A Block new018_20260820_17,58,174,10.62,0.1435,4.36,10.4937,0.0105
A,20.8.26 A Block new018_20260820_17,127,254,15.503,0.0865,12.01,9.3684,0.006
A,20.8.26 A Block new019_20260820_17,69,201,12.268,0.0865,12.01,11.8301,0.0015
A,20.8.26 A Block new019_20260820_17,59,226,13.794,0.085,12.44,9.6224,0.0015
A,20.8.26 A Block new019_20260820_17,117,198,12.085,0.0865,12.01,10.2052,0.0015
A,20.8.26 A Block new019_20260820_17,144,128,7.813,0.106,8.0,10.6768,0.0075
A,20.8.26 A Block new020_20260820_17,105,200,12.207,0.088,11.61,9.5329,0.006
A,20.8.26 A Block new020_20260820_17,90,261,15.93,0.133,5.08,9.9688,0.0135
A,20.8.26 A Block new020_20260820_17,82,232,14.16,0.124,5.85,9.6785,0.009
A,20.8.26 A Block new021_20260820_17,101,200,12.207,0.103,8.47,14.3962,0.0045
A,20.8.26 A Block new021_20260820_17,66,106,6.47,0.1705,3.09,10.2611,0.0045
A,20.8.26 A Block new021_20260820_17,89,240,14.648,0.085,12.44,9.914,0.0075
A,20.8.26 A Block new021_20260820_17,163,268,16.357,0.133,5.08,10.2744,0.003
A,20.8.26 A Block new021_20260820_17,114,225,13.733,0.103,8.47,9.1384,0.009
A,20.8.26 A Block new022_20260820_17,131,232,14.16,0.127,5.57,11.7716,0.018
A,20.8.26 A Block new022_20260820_17,115,154,9.399,0.169,3.15,10.3715,0.0195
A,20.8.26 A Block new022_20260820_17,81,120,7.324,0.166,3.26,11.4408,0.003
A,20.8.26 A Block new022_20260820_17,136,284,17.334,0.1285,5.44,11.8609,0.0165
A,20.8.26 A Block new022_20260820_17,168,188,11.475,0.145,4.27,10.0057,0.0135
A,20.8.26 A Block new023_20260820_17,99,202,12.329,0.118,6.45,12.4015,0.051
A,20.8.26 A Block new023_20260820_17,143,266,16.235,0.139,4.65,12.1772,0.015
A,20.8.26 A Block new024_20260820_17,82,200,12.207,0.1735,2.99,12.9457,0.006
A,20.8.26 A Block new024_20260820_17,138,156,9.521,0.103,8.47,11.3408,0.0075
A,20.8.26 A Block new024_20260820_17,85,104,6.348,0.142,4.46,10.3866,0.006
B,20.8.26 B Block proceq new001_2026,293,175,10.681,0.142,4.46,13.1917,0.0045
B,20.8.26 B Block proceq new001_2026,313,146,8.911,0.1675,3.2,12.1784,0.0255
B,20.8.26 B Block proceq new001_2026,332,89,5.432,0.1435,4.36,10.6355,0.012
B,20.8.26 B Block proceq new001_2026,332,175,10.681,0.139,4.65,10.3788,0.0075
B,20.8.26 B Block proceq new001_2026,142,260,15.869,0.0955,9.85,11.462,0.0075
B,20.8.26 B Block proceq new002_2026,329,92,5.615,0.172,3.04,12.5151,0.0135
B,20.8.26 B Block proceq new002_2026,302,182,11.108,0.1255,5.71,11.8417,0.009
B,20.8.26 B Block proceq new002_2026,316,136,8.301,0.097,9.55,10.9711,0.0135
B,20.8.26 B Block proceq new002_2026,328,310,18.921,0.112,7.16,9.4661,0.0135
B,20.8.26 B Block proceq new003_2026,308,180,10.986,0.1285,5.44,11.5869,0.0105
B,20.8.26 B Block proceq new003_2026,338,136,8.301,0.094,10.17,10.3831,0.018
B,20.8.26 B Block proceq new003_2026,311,113,6.897,0.091,10.85,10.4255,0.003
B,20.8.26 B Block proceq new003_2026,280,154,9.399,0.169,3.15,13.2461,0.012
B,20.8.26 B Block proceq new004_2026,338,116,7.08,0.1705,3.09,10.6948,0.012
B,20.8.26 B Block proceq new004_2026,285,153,9.338,0.1705,3.09,11.3025,0.009
B,20.8.26 B Block proceq new004_2026,311,94,5.737,0.142,4.46,9.5627,0.015
B,20.8.26 B Block proceq new004_2026,103,260,15.869,0.133,5.08,10.083,0.0075
B,20.8.26 B Block proceq new004_2026,311,166,10.132,0.1165,6.62,10.8345,0.0045
B,20.8.26 B Block proceq new005_2026,269,164,10.01,0.166,3.26,13.1573,0.012
B,20.8.26 B Block proceq new005_2026,325,111,6.775,0.1345,4.97,10.2519,0.0195
B,20.8.26 B Block proceq new005_2026,295,154,9.399,0.0895,11.22,10.9595,0.0075
B,20.8.26 B Block proceq new005_2026,190,140,8.545,0.085,12.44,10.1613,0.003
B,20.8.26 B Block proceq new006_2026,310,153,9.338,0.1735,2.99,11.3339,0.024
B,20.8.26 B Block proceq new006_2026,264,115,7.019,0.1735,2.99,13.2405,0.0105
B,20.8.26 B Block proceq new006_2026,181,111,6.775,0.091,10.85,10.1877,0.0105
B,20.8.26 B Block proceq new007_2026,284,178,10.864,0.157,3.65,11.6743,0.0135
B,20.8.26 B Block proceq new007_2026,340,139,8.484,0.142,4.46,10.6041,0.015
B,20.8.26 B Block proceq new007_2026,307,122,7.446,0.145,4.27,10.5369,0.012
B,20.8.26 B Block proceq new008_2026,337,155,9.46,0.154,3.79,10.9787,0.0105
B,20.8.26 B Block proceq new008_2026,281,148,9.033,0.1735,2.99,12.2937,0.0105
B,20.8.26 B Block proceq new008_2026,300,106,6.47,0.1435,4.36,10.4793,0.0255
B,20.8.26 B Block proceq new008_2026,307,182,11.108,0.0955,9.85,10.6234,0.0165
B,20.8.26 B Block proceq new008_2026,165,131,7.996,0.0985,9.26,11.4172,0.0045
B,20.8.26 B Block proceq new009_2026,281,158,9.644,0.0925,10.5,10.0233,0.003
B,20.8.26 B Block proceq new009_2026,295,109,6.653,0.1705,3.09,11.9826,0.0045
B,20.8.26 B Block proceq new009_2026,110,158,9.644,0.0925,10.5,10.0251,0.0015
B,20.8.26 B Block proceq new010_2026,283,158,9.644,0.127,5.57,11.4328,0.015
B,20.8.26 B Block proceq new010_2026,287,117,7.141,0.1735,2.99,11.1087,0.006
B,20.8.26 B Block proceq new010_2026,287,290,17.7,0.169,3.15,12.1948,0.006
B,20.8.26 B Block proceq new010_2026,237,134,8.179,0.1705,3.09,10.3526,0.0255
B,20.8.26 B Block proceq new011_2026,311,153,9.338,0.115,6.8,12.1599,0.0105
B,20.8.26 B Block proceq new011_2026,287,178,10.864,0.1705,3.09,10.3546,0.024
B,20.8.26 B Block proceq new011_2026,280,280,17.09,0.0895,11.22,12.1532,0.0015
B,20.8.26 B Block proceq new011_2026,279,144,8.789,0.1,8.99,10.7199,0.0075
B,20.8.26 B Block proceq new011_2026,316,210,12.817,0.166,3.26,12.3948,0.003
B,20.8.26 B Block proceq new012_2026,307,138,8.423,0.0955,9.85,10.766,0.018
B,20.8.26 B Block proceq new012_2026,298,196,11.963,0.1735,2.99,12.3556,0.0075
B,20.8.26 B Block proceq new012_2026,281,106,6.47,0.1705,3.09,10.1602,0.0105
B,20.8.26 B Block proceq new012_2026,248,294,17.944,0.1,8.99,11.2697,0.0015
B,20.8.26 B Block proceq new012_2026,229,204,12.451,0.088,11.61,10.9006,0.012
B,20.8.26 B Block proceq new013_2026,267,156,9.521,0.1345,4.97,13.0585,0.012
B,20.8.26 B Block proceq new013_2026,309,122,7.446,0.1345,4.97,11.0918,0.0195
B,20.8.26 B Block proceq new013_2026,286,198,12.085,0.121,6.14,11.3236,0.0165
B,20.8.26 B Block proceq new013_2026,162,238,14.526,0.109,7.56,12.2614,0.0165
B,20.8.26 B Block proceq new014_2026,117,236,14.404,0.1045,8.23,9.7937,0.027
B,20.8.26 B Block proceq new014_2026,148,152,9.277,0.1405,4.55,10.3026,0.0105
B,20.8.26 B Block proceq new014_2026,133,320,19.531,0.1165,6.62,9.6775,0.0105
B,20.8.26 B Block proceq new014_2026,56,329,20.081,0.1,8.99,9.617,0.009
B,20.8.26 B Block proceq new015_2026,142,284,17.334,0.1435,4.36,9.997,0.006
B,20.8.26 B Block proceq new015_2026,79,91,5.554,0.142,4.46,10.5915,0.009
B,20.8.26 B Block proceq new016_2026,142,172,10.498,0.0925,10.5,9.6106,0.009
B,20.8.26 B Block proceq new016_2026,145,146,8.911,0.127,5.57,9.7839,0.0105
B,20.8.26 B Block proceq new016_2026,165,83,5.066,0.1045,8.23,10.0028,0.0075
B,20.8.26 B Block proceq new017_2026,109,244,14.893,0.085,12.44,11.2978,0.006
B,20.8.26 B Block proceq new017_2026,61,236,14.404,0.1735,2.99,9.061,0.015
B,20.8.26 B Block proceq new017_2026,117,186,11.353,0.115,6.8,10.5185,0.0075
B,20.8.26 B Block proceq new017_2026,71,106,6.47,0.115,6.8,10.2156,0.006
B,20.8.26 B Block proceq new017_2026,121,300,18.311,0.127,5.57,10.6767,0.003
B,20.8.26 B Block proceq new018_2026,123,70,4.272,0.0955,9.85,9.2091,0.003
B,20.8.26 B Block proceq new018_2026,118,276,16.846,0.16,3.51,10.7048,0.0075
B,20.8.26 B Block proceq new019_2026,86,154,9.399,0.1015,8.72,12.1282,0.003
B,20.8.26 B Block proceq new019_2026,76,97,5.92,0.106,8.0,10.1226,0.003
B,20.8.26 B Block proceq new019_2026,186,302,18.433,0.1555,3.72,9.8632,0.0075
B,20.8.26 B Block proceq new019_2026,52,166,10.132,0.0985,9.26,9.612,0.0105
B,20.8.26 B Block proceq new020_2026,93,103,6.287,0.085,12.44,10.375,0.0045
B,20.8.26 B Block proceq new020_2026,123,292,17.822,0.115,6.8,9.5256,0.009
B,20.8.26 B Block proceq new020_2026,172,246,15.015,0.1225,5.99,9.868,0.003
B,20.8.26 B Block proceq new021_2026,81,103,6.287,0.169,3.15,10.2733,0.0135
B,20.8.26 B Block proceq new021_2026,120,190,11.597,0.085,12.44,9.8396,0.018
B,20.8.26 B Block proceq new021_2026,182,160,9.766,0.0895,11.22,9.5755,0.003
B,20.8.26 B Block proceq new022_2026,90,98,5.981,0.112,7.16,15.0966,0.006
B,20.8.26 B Block proceq new022_2026,79,123,7.507,0.115,6.8,10.325,0.003
B,20.8.26 B Block proceq new022_2026,163,128,7.813,0.1735,2.99,9.2139,0.006
B,20.8.26 B Block proceq new022_2026,132,280,17.09,0.085,12.44,9.5995,0.003
B,20.8.26 B Block proceq new022_2026,61,184,11.23,0.142,4.46,9.3883,0.0045
B,20.8.26 B Block proceq new023_2026,81,123,7.507,0.1105,7.36,10.6027,0.003
B,20.8.26 B Block proceq new023_2026,134,128,7.813,0.0925,10.5,9.2481,0.003
B,20.8.26 B Block proceq new023_2026,194,172,10.498,0.106,8.0,10.1353,0.003
B,20.8.26 B Block proceq new023_2026,168,242,14.771,0.148,4.1,9.6173,0.0075
B,20.8.26 B Block proceq new024_2026,85,117,7.141,0.1015,8.72,9.9152,0.003
B,20.8.26 B Block proceq new024_2026,169,232,14.16,0.1615,3.45,11.5405,0.0075
B,20.8.26 B Block proceq new025_2026,167,107,6.531,0.085,12.44,9.2922,0.0105
B,20.8.26 B Block proceq new025_2026,88,118,7.202,0.1735,2.99,9.9767,0.0225
B,20.8.26 B Block proceq new025_2026,135,128,7.813,0.145,4.27,9.0052,0.018
B,20.8.26 B Block proceq new025_2026,184,222,13.55,0.169,3.15,10.2603,0.0105
B,20.8.26 B Block proceq new026_2026,88,132,8.057,0.1045,8.23,9.7408,0.0045
B,20.8.26 B Block proceq new026_2026,138,192,11.719,0.1345,4.97,10.5897,0.015
B,20.8.26 B Block proceq new026_2026,175,220,13.428,0.172,3.04,9.756,0.006
B,20.8.26 B Block proceq new027_2026,100,113,6.897,0.1045,8.23,17.2604,0.0045
B,20.8.26 B Block proceq new027_2026,146,142,8.667,0.169,3.15,10.9609,0.021
B,20.8.26 B Block proceq new027_2026,73,159,9.705,0.151,3.94,11.5444,0.0135
B,20.8.26 B Block proceq new027_2026,118,156,9.521,0.172,3.04,12.3266,0.012
B,20.8.26 B Block proceq new028_2026,187,159,9.705,0.0985,9.26,11.1711,0.012
B,20.8.26 B Block proceq new028_2026,69,158,9.644,0.1735,2.99,13.0639,0.0075
B,20.8.26 B Block proceq new028_2026,123,180,10.986,0.088,11.61,10.4153,0.0045
B,20.8.26 B Block proceq new029_2026,84,154,9.399,0.0895,11.22,9.9172,0.006
B,20.8.26 B Block proceq new029_2026,131,172,10.498,0.172,3.04,12.6922,0.0105
B,20.8.26 B Block proceq new030_2026,77,107,6.531,0.124,5.85,10.9172,0.0225
B,20.8.26 B Block proceq new030_2026,161,136,8.301,0.1585,3.58,11.2818,0.006
B,20.8.26 B Block proceq new031_2026,72,188,11.475,0.1585,3.58,14.522,0.015
B,20.8.26 B Block proceq new031_2026,88,140,8.545,0.118,6.45,10.4838,0.003
B,20.8.26 B Block proceq new031_2026,62,125,7.629,0.1735,2.99,11.6111,0.003
B,20.8.26 B Block proceq new031_2026,169,236,14.404,0.166,3.26,10.0694,0.021
B,20.8.26 B Block proceq new032_2026,81,138,8.423,0.16,3.51,10.6348,0.012
B,20.8.26 B Block proceq new032_2026,82,216,13.184,0.118,6.45,11.3659,0.0075
B,20.8.26 B Block proceq new032_2026,179,120,7.324,0.1495,4.02,12.1236,0.0105
B,20.8.26 B Block proceq new033_2026,108,132,8.057,0.1645,3.32,12.332,0.0225
B,20.8.26 B Block proceq new033_2026,191,130,7.935,0.166,3.26,10.8698,0.012
B,20.8.26 B Block proceq new033_2026,157,148,9.033,0.166,3.26,13.8268,0.0135
B,20.8.26 B Block proceq new033_2026,188,78,4.761,0.0865,12.01,9.7627,0.0135
C,20.8.26 C Block new001_20260820_18,166,142,8.667,0.1315,5.2,10.9725,0.018
C,20.8.26 C Block new001_20260820_18,194,274,16.724,0.1735,2.99,11.8895,0.009
C,20.8.26 C Block new001_20260820_18,235,308,18.799,0.163,3.38,14.2438,0.0105
C,20.8.26 C Block new002_20260820_18,236,310,18.921,0.1315,5.2,12.0201,0.021
C,20.8.26 C Block new002_20260820_18,168,132,8.057,0.1735,2.99,10.9061,0.0045
C,20.8.26 C Block new002_20260820_18,130,129,7.874,0.133,5.08,10.5954,0.012
C,20.8.26 C Block new003_20260820_18,211,156,9.521,0.142,4.46,12.3267,0.0225
C,20.8.26 C Block new003_20260820_18,169,124,7.568,0.133,5.08,11.8388,0.0315
C,20.8.26 C Block new003_20260820_18,114,215,13.123,0.1735,2.99,13.3715,0.0045
C,20.8.26 C Block new003_20260820_18,92,105,6.409,0.1615,3.45,11.8175,0.012
C,20.8.26 C Block new004_20260820_18,181,125,7.629,0.1495,4.02,11.8013,0.0135
C,20.8.26 C Block new004_20260820_18,208,150,9.155,0.1645,3.32,13.6544,0.0195
C,20.8.26 C Block new004_20260820_18,236,146,8.911,0.1255,5.71,11.0562,0.012
C,20.8.26 C Block new004_20260820_18,86,155,9.46,0.1675,3.2,12.8152,0.012
C,20.8.26 C Block new004_20260820_18,133,102,6.226,0.1735,2.99,10.4975,0.0045
C,20.8.26 C Block new005_20260820_18,190,128,7.813,0.1555,3.72,12.3809,0.024
C,20.8.26 C Block new005_20260820_18,170,94,5.737,0.136,4.86,12.2586,0.0405
C,20.8.26 C Block new005_20260820_18,226,292,17.822,0.088,11.61,11.6709,0.0045
C,20.8.26 C Block new005_20260820_18,222,142,8.667,0.085,12.44,10.4047,0.024
C,20.8.26 C Block new006_20260820_18,201,123,7.507,0.1705,3.09,13.307,0.0105
C,20.8.26 C Block new006_20260820_18,190,276,16.846,0.1105,7.36,10.6525,0.0075
C,20.8.26 C Block new006_20260820_18,149,65,3.967,0.133,5.08,9.2248,0.018
C,20.8.26 C Block new006_20260820_18,166,132,8.057,0.1735,2.99,11.2647,0.012
C,20.8.26 C Block new006_20260820_18,75,132,8.057,0.118,6.45,10.3682,0.012
C,20.8.26 C Block new006_20260820_18,53,258,15.747,0.1735,2.99,10.359,0.0045
C,20.8.26 C Block new007_20260820_18,176,101,6.165,0.136,4.86,11.2389,0.015
C,20.8.26 C Block new007_20260820_18,224,126,7.69,0.1675,3.2,12.3866,0.0195
C,20.8.26 C Block new007_20260820_18,119,212,12.939,0.088,11.61,10.661,0.0045
C,20.8.26 C Block new007_20260820_18,79,116,7.08,0.172,3.04,12.1576,0.0045
C,20.8.26 C Block new007_20260820_18,143,110,6.714,0.16,3.51,11.2937,0.0225
C,20.8.26 C Block new007_20260820_18,104,294,17.944,0.1315,5.2,11.2636,0.009
C,20.8.26 C Block new008_20260820_18,202,98,5.981,0.172,3.04,12.7264,0.009
C,20.8.26 C Block new008_20260820_18,217,286,17.456,0.094,10.17,11.441,0.003
C,20.8.26 C Block new008_20260820_18,78,133,8.118,0.1735,2.99,12.5582,0.0075
C,20.8.26 C Block new008_20260820_18,115,196,11.963,0.148,4.1,10.1243,0.0075
C,20.8.26 C Block new009_20260820_18,161,94,5.737,0.1735,2.99,11.5899,0.0225
C,20.8.26 C Block new009_20260820_18,79,137,8.362,0.157,3.65,12.0675,0.0075
C,20.8.26 C Block new009_20260820_18,187,258,15.747,0.16,3.51,11.4334,0.0195
C,20.8.26 C Block new009_20260820_18,118,184,11.23,0.1675,3.2,12.2397,0.0105
C,20.8.26 C Block new010_20260820_18,122,147,8.972,0.1735,2.99,11.2739,0.015
C,20.8.26 C Block new010_20260820_18,66,320,19.531,0.1165,6.62,11.0277,0.0015
C,20.8.26 C Block new010_20260820_18,165,292,17.822,0.127,5.57,10.0303,0.003
C,20.8.26 C Block new010_20260820_18,50,212,12.939,0.1735,2.99,9.9138,0.0045
C,20.8.26 C Block new011_20260820_18,99,251,15.32,0.1495,4.02,12.1082,0.018
C,20.8.26 C Block new011_20260820_18,166,256,15.625,0.1735,2.99,10.6369,0.009
C,20.8.26 C Block new011_20260820_18,127,141,8.606,0.1165,6.62,10.661,0.021
C,20.8.26 C Block new011_20260820_18,177,118,7.202,0.0865,12.01,10.0427,0.003
C,20.8.26 C Block new012_20260820_18,111,117,7.141,0.1735,2.99,10.4174,0.006
C,20.8.26 C Block new012_20260820_18,179,106,6.47,0.1585,3.58,10.8557,0.0255
C,20.8.26 C Block new012_20260820_18,58,186,11.353,0.157,3.65,10.8842,0.0075
C,20.8.26 C Block new012_20260820_18,149,294,17.944,0.094,10.17,10.83,0.0015
C,20.8.26 C Block new012_20260820_18,85,232,14.16,0.109,7.56,10.432,0.021
C,20.8.26 C Block new013_20260820_18,204,117,7.141,0.1735,2.99,11.6354,0.009
C,20.8.26 C Block new013_20260820_18,204,292,17.822,0.13,5.32,9.9632,0.003
C,20.8.26 C Block new013_20260820_18,178,106,6.47,0.103,8.47,9.9198,0.012
C,20.8.26 C Block new013_20260820_18,50,180,10.986,0.091,10.85,10.8006,0.012
C,20.8.26 C Block new014_20260820_18,196,113,6.897,0.1735,2.99,11.2046,0.006
C,20.8.26 C Block new014_20260820_18,139,120,7.324,0.1615,3.45,10.6827,0.0165
C,20.8.26 C Block new014_20260820_18,113,202,12.329,0.169,3.15,11.4943,0.0075
C,20.8.26 C Block new015_20260820_18,184,110,6.714,0.1585,3.58,11.2596,0.009
C,20.8.26 C Block new015_20260820_18,212,115,7.019,0.13,5.32,10.6925,0.006
C,20.8.26 C Block new015_20260820_18,108,96,5.859,0.091,10.85,10.3981,0.0075
C,20.8.26 C Block new016_20260820_18,175,112,6.836,0.157,3.65,11.4838,0.018
C,20.8.26 C Block new016_20260820_18,137,128,7.813,0.1555,3.72,9.8659,0.012
C,20.8.26 C Block new016_20260820_18,71,85,5.188,0.169,3.15,10.5097,0.0165
C,20.8.26 C Block new016_20260820_18,52,132,8.057,0.0985,9.26,12.0854,0.0075
C,20.8.26 C Block new016_20260820_18,169,207,12.634,0.1705,3.09,11.454,0.015
C,20.8.26 C Block new017_20260820_19,123,107,6.531,0.136,4.86,11.9758,0.0105
C,20.8.26 C Block new017_20260820_19,157,156,9.521,0.094,10.17,10.5974,0.006
C,20.8.26 C Block new017_20260820_19,159,97,5.92,0.121,6.14,10.7422,0.009
C,20.8.26 C Block new017_20260820_19,204,150,9.155,0.157,3.65,11.1084,0.0105
C,20.8.26 C Block new017_20260820_19,170,248,15.137,0.112,7.16,11.7567,0.006
C,20.8.26 C Block new017_20260820_19,45,226,13.794,0.1735,2.99,9.9249,0.012
C,20.8.26 C Block new018_20260820_19,194,164,10.01,0.13,5.32,10.9509,0.0135
C,20.8.26 C Block new018_20260820_19,254,124,7.568,0.091,10.85,10.658,0.0045
C,20.8.26 C Block new018_20260820_19,151,230,14.038,0.1135,6.98,9.5457,0.0165
C,20.8.26 C Block new018_20260820_19,74,236,14.404,0.1075,7.78,9.9927,0.0045
C,20.8.26 C Block new019_20260820_19,192,176,10.742,0.1345,4.97,10.3003,0.0075
C,20.8.26 C Block new019_20260820_19,247,246,15.015,0.169,3.15,10.129,0.009
C,20.8.26 C Block new020_20260820_19,158,152,9.277,0.1315,5.2,10.1467,0.0165
C,20.8.26 C Block new020_20260820_19,171,230,14.038,0.0925,10.5,9.3819,0.0135
C,20.8.26 C Block new020_20260820_19,91,262,15.991,0.103,8.47,10.1363,0.0015
C,20.8.26 C Block new020_20260820_19,232,268,16.357,0.112,7.16,9.8477,0.009
C,20.8.26 C Block new021_20260820_19,93,136,8.301,0.133,5.08,11.5333,0.015
C,20.8.26 C Block new021_20260820_19,182,226,13.794,0.1045,8.23,10.2414,0.0045
C,20.8.26 C Block new022_20260820_19,46,98,5.981,0.172,3.04,11.1651,0.009
C,20.8.26 C Block new022_20260820_19,151,136,8.301,0.136,4.86,10.7991,0.012
C,20.8.26 C Block new022_20260820_19,63,156,9.521,0.136,4.86,10.975,0.015
C,20.8.26 C Block new022_20260820_19,113,121,7.385,0.1735,2.99,11.3598,0.0015
C,20.8.26 C Block new023_20260820_19,45,102,6.226,0.1735,2.99,11.7494,0.0105
C,20.8.26 C Block new023_20260820_19,45,159,9.705,0.1345,4.97,12.1979,0.0075
C,20.8.26 C Block new023_20260820_19,89,141,8.606,0.1735,2.99,11.1584,0.009
C,20.8.26 C Block new024_20260820_19,223,116,7.08,0.145,4.27,11.3141,0.0255
C,20.8.26 C Block new024_20260820_19,47,107,6.531,0.166,3.26,12.3433,0.0135
C,20.8.26 C Block new024_20260820_19,120,210,12.817,0.1375,4.75,11.1377,0.018
C,20.8.26 C Block new024_20260820_19,147,196,11.963,0.097,9.55,10.5911,0.0045
C,20.8.26 C Block new025_20260820_19,185,145,8.85,0.0925,10.5,10.603,0.009
C,20.8.26 C Block new025_20260820_19,51,110,6.714,0.169,3.15,11.2132,0.012
C,20.8.26 C Block new025_20260820_19,124,289,17.639,0.097,9.55,11.6432,0.006
C,20.8.26 C Block new026_20260820_19,79,94,5.737,0.091,10.85,10.417,0.027
C,20.8.26 C Block new026_20260820_19,159,217,13.245,0.1375,4.75,12.1633,0.015
C,20.8.26 C Block new027_20260820_19,126,100,6.104,0.148,4.1,11.3636,0.015
C,20.8.26 C Block new027_20260820_19,75,124,7.568,0.1225,5.99,10.0065,0.027
C,20.8.26 C Block new027_20260820_19,49,124,7.568,0.154,3.79,12.3869,0.015
C,20.8.26 C Block new027_20260820_19,92,92,5.615,0.1585,3.58,11.1597,0.0375
C,20.8.26 C Block new027_20260820_19,160,93,5.676,0.1735,2.99,10.8041,0.0165
C,20.8.26 C Block new027_20260820_19,220,185,11.292,0.1495,4.02,11.1424,0.0165
C,20.8.26 C Block new028_20260820_19,144,98,5.981,0.172,3.04,12.3809,0.0105
C,20.8.26 C Block new028_20260820_19,50,136,8.301,0.1735,2.99,13.6955,0.0165
C,20.8.26 C Block new028_20260820_19,108,121,7.385,0.124,5.85,10.8848,0.024
C,20.8.26 C Block new028_20260820_19,263,112,6.836,0.1525,3.86,10.8242,0.012
C,20.8.26 C Block new028_20260820_19,251,274,16.724,0.1735,2.99,12.2807,0.0075
C,20.8.26 C Block new028_20260820_19,123,278,16.968,0.097,9.55,10.9593,0.012
C,20.8.26 C Block new029_20260820_19,150,101,6.165,0.151,3.94,12.5619,0.0165
C,20.8.26 C Block new029_20260820_19,89,138,8.423,0.1735,2.99,11.8708,0.0255
C,20.8.26 C Block new029_20260820_19,120,122,7.446,0.163,3.38,13.047,0.018
C,20.8.26 C Block new029_20260820_19,46,158,9.644,0.166,3.26,12.2353,0.0495
C,20.8.26 C Block new029_20260820_19,215,105,6.409,0.1285,5.44,12.2807,0.0225
C,20.8.26 C Block new030_20260820_19,161,96,5.859,0.1735,2.99,11.1697,0.0255
C,20.8.26 C Block new030_20260820_19,142,128,7.813,0.1705,3.09,12.087,0.0105
C,20.8.26 C Block new030_20260820_19,84,130,7.935,0.166,3.26,11.7661,0.012
C,20.8.26 C Block new030_20260820_19,105,324,19.775,0.13,5.32,12.3996,0.012
C,20.8.26 C Block new031_20260820_19,45,128,7.813,0.1735,2.99,11.7728,0.0045
C,20.8.26 C Block new031_20260820_19,149,144,8.789,0.1735,2.99,11.456,0.003
C,20.8.26 C Block new031_20260820_19,74,129,7.874,0.1375,4.75,9.9329,0.015
C,20.8.26 C Block new031_20260820_19,226,177,10.803,0.0865,12.01,9.7,0.009
C,20.8.26 C Block new032_20260820_19,70,135,8.24,0.1735,2.99,12.1457,0.0045
C,20.8.26 C Block new032_20260820_19,149,176,10.742,0.1735,2.99,13.7717,0.006
C,20.8.26 C Block new032_20260820_19,211,146,8.911,0.1735,2.99,11.6566,0.006
