block,line_no,csv,Repetition Rate [scans/cm],Scan Direction,Mode,Units,Firmware Version,App Version,Probe S/N,File Name,nsamp_LF,nsamp_HF,win_LF,win_HF,fs_LF,fs_HF,antsp_LF,antsp_HF,scan_m,startx,starty,n_line_entries,ntr_HF,ns_HF,dt_HF,fmt_HF,sgy_HF,ntr_LF,ns_LF,dt_LF,fmt_LF,sgy_LF
A,1,A Block\SEGY_20260821_113207\SEGY_20260821_113207\20.8.26 A Block new001_20260820_171438\20.8.26 A Block new001_20260820_171438_20260821_113207.csv,0.4,Left to Right,Line Scan,Metric,5.7.6,3.8.1,GS80-001-0145,20.8.26 A Block new001,664,655,81,40,8.19,16.38,24.4,7.0,5.425,0.0,0.0,1,218,655,61,5,A Block\SEGY_20260821_113207\SEGY_20260821_113207\20.8.26 A Block new001_20260820_171438\20.8.26 A Block new001_20260820_171438_20260821_113207_HF.sgy,218,664,122,5,A Block\SEGY_20260821_113207\SEGY_20260821_113207\20.8.26 A Block new001_20260820_171438\20.8.26 A Block new001_20260820_171438_20260821_113207_LF.sgy
A,2,A Block\SEGY_20260821_113207\SEGY_20260821_113207\20.8.26 A Block new002_20260820_171539\20.8.26 A Block new002_20260820_171539_20260821_113207.csv,0.4,Left to Right,Line Scan,Metric,5.7.6,3.8.1,GS80-001-0145,20.8.26 A Block new002,664,655,81,40,8.19,16.38,24.4,7.0,5.475,0.0,0.0,1,220,655,61,5,A Block\SEGY_20260821_113207\SEGY_20260821_113207\20.8.26 A Block new002_20260820_171539\20.8.26 A Block new002_20260820_171539_20260821_113207_HF.sgy,220,664,122,5,A Block\SEGY_20260821_113207\SEGY_20260821_113207\20.8.26 A Block new002_20260820_171539\20.8.26 A Block new002_20260820_171539_20260821_113207_LF.sgy
A,3,A Block\SEGY_20260821_113207\SEGY_20260821_113207\20.8.26 A Block new003_20260820_171631\20.8.26 A Block new003_20260820_171631_20260821_113207.csv,0.4,Left to Right,Line Scan,Metric,5.7.6,3.8.1,GS80-001-0145,20.8.26 A Block new003,664,655,81,40,8.19,16.38,24.4,7.0,5.2,0.0,0.0,1,209,655,61,5,A Block\SEGY_20260821_113207\SEGY_20260821_113207\20.8.26 A Block new003_20260820_171631\20.8.26 A Block new003_20260820_171631_20260821_113207_HF.sgy,209,664,122,5,A Block\SEGY_20260821_113207\SEGY_20260821_113207\20.8.26 A Block new003_20260820_171631\20.8.26 A Block new003_20260820_171631_20260821_113207_LF.sgy
A,4,A Block\SEGY_20260821_113207\SEGY_20260821_113207\20.8.26 A Block new004_20260820_171727\20.8.26 A Block new004_20260820_171727_20260821_113207.csv,0.4,Left to Right,Line Scan,Metric,5.7.6,3.8.1,GS80-001-0145,20.8.26 A Block new004,664,655,81,40,8.19,16.38,24.4,7.0,5.35,0.0,0.0,1,215,655,61,5,A Block\SEGY_20260821_113207\SEGY_20260821_113207\20.8.26 A Block new004_20260820_171727\20.8.26 A Block new004_20260820_171727_20260821_113207_HF.sgy,215,664,122,5,A Block\SEGY_20260821_113207\SEGY_20260821_113207\20.8.26 A Block new004_20260820_171727\20.8.26 A Block new004_20260820_171727_20260821_113207_LF.sgy
A,5,A Block\SEGY_20260821_113207\SEGY_20260821_113207\20.8.26 A Block new005_20260820_171756\20.8.26 A Block new005_20260820_171756_20260821_113207.csv,0.4,Left to Right,Line Scan,Metric,5.7.6,3.8.1,GS80-001-0145,20.8.26 A Block new005,664,655,81,40,8.19,16.38,24.4,7.0,5.5,0.0,0.0,1,221,655,61,5,A Block\SEGY_20260821_113207\SEGY_20260821_113207\20.8.26 A Block new005_20260820_171756\20.8.26 A Block new005_20260820_171756_20260821_113207_HF.sgy,221,664,122,5,A Block\SEGY_20260821_113207\SEGY_20260821_113207\20.8.26 A Block new005_20260820_171756\20.8.26 A Block new005_20260820_171756_20260821_113207_LF.sgy
A,6,A Block\SEGY_20260821_113207\SEGY_20260821_113207\20.8.26 A Block new006_20260820_171821\20.8.26 A Block new006_20260820_171821_20260821_113207.csv,0.4,Left to Right,Line Scan,Metric,5.7.6,3.8.1,GS80-001-0145,20.8.26 A Block new006,664,655,81,40,8.19,16.38,24.4,7.0,5.425,0.0,0.0,1,218,655,61,5,A Block\SEGY_20260821_113207\SEGY_20260821_113207\20.8.26 A Block new006_20260820_171821\20.8.26 A Block new006_20260820_171821_20260821_113207_HF.sgy,218,664,122,5,A Block\SEGY_20260821_113207\SEGY_20260821_113207\20.8.26 A Block new006_20260820_171821\20.8.26 A Block new006_20260820_171821_20260821_113207_LF.sgy
A,7,A Block\SEGY_20260821_113207\SEGY_20260821_113207\20.8.26 A Block new007_20260820_171844\20.8.26 A Block new007_20260820_171844_20260821_113207.csv,0.4,Left to Right,Line Scan,Metric,5.7.6,3.8.1,GS80-001-0145,20.8.26 A Block new007,664,655,81,40,8.19,16.38,24.4,7.0,5.5,0.0,0.0,1,221,655,61,5,A Block\SEGY_20260821_113207\SEGY_20260821_113207\20.8.26 A Block new007_20260820_171844\20.8.26 A Block new007_20260820_171844_20260821_113207_HF.sgy,221,664,122,5,A Block\SEGY_20260821_113207\SEGY_20260821_113207\20.8.26 A Block new007_20260820_171844\20.8.26 A Block new007_20260820_171844_20260821_113207_LF.sgy
A,8,A Block\SEGY_20260821_113207\SEGY_20260821_113207\20.8.26 A Block new008_20260820_171909\20.8.26 A Block new008_20260820_171909_20260821_113207.csv,0.4,Left to Right,Line Scan,Metric,5.7.6,3.8.1,GS80-001-0145,20.8.26 A Block new008,664,655,81,40,8.19,16.38,24.4,7.0,5.5,0.0,0.0,1,221,655,61,5,A Block\SEGY_20260821_113207\SEGY_20260821_113207\20.8.26 A Block new008_20260820_171909\20.8.26 A Block new008_20260820_171909_20260821_113207_HF.sgy,221,664,122,5,A Block\SEGY_20260821_113207\SEGY_20260821_113207\20.8.26 A Block new008_20260820_171909\20.8.26 A Block new008_20260820_171909_20260821_113207_LF.sgy
A,9,A Block\SEGY_20260821_113207\SEGY_20260821_113207\20.8.26 A Block new009_20260820_171936\20.8.26 A Block new009_20260820_171936_20260821_113207.csv,0.4,Left to Right,Line Scan,Metric,5.7.6,3.8.1,GS80-001-0145,20.8.26 A Block new009,664,655,81,40,8.19,16.38,24.4,7.0,5.475,0.0,0.0,1,220,655,61,5,A Block\SEGY_20260821_113207\SEGY_20260821_113207\20.8.26 A Block new009_20260820_171936\20.8.26 A Block new009_20260820_171936_20260821_113207_HF.sgy,220,664,122,5,A Block\SEGY_20260821_113207\SEGY_20260821_113207\20.8.26 A Block new009_20260820_171936\20.8.26 A Block new009_20260820_171936_20260821_113207_LF.sgy
A,10,A Block\SEGY_20260821_113207\SEGY_20260821_113207\20.8.26 A Block new010_20260820_172014\20.8.26 A Block new010_20260820_172014_20260821_113207.csv,0.4,Left to Right,Line Scan,Metric,5.7.6,3.8.1,GS80-001-0145,20.8.26 A Block new010,664,655,81,40,8.19,16.38,24.4,7.0,5.475,0.0,0.0,1,220,655,61,5,A Block\SEGY_20260821_113207\SEGY_20260821_113207\20.8.26 A Block new010_20260820_172014\20.8.26 A Block new010_20260820_172014_20260821_113207_HF.sgy,220,664,122,5,A Block\SEGY_20260821_113207\SEGY_20260821_113207\20.8.26 A Block new010_20260820_172014\20.8.26 A Block new010_20260820_172014_20260821_113207_LF.sgy
A,11,A Block\SEGY_20260821_113207\SEGY_20260821_113207\20.8.26 A Block new011_20260820_172050\20.8.26 A Block new011_20260820_172050_20260821_113207.csv,0.4,Left to Right,Line Scan,Metric,5.7.6,3.8.1,GS80-001-0145,20.8.26 A Block new011,664,655,81,40,8.19,16.38,24.4,7.0,5.575,0.0,0.0,1,224,655,61,5,A Block\SEGY_20260821_113207\SEGY_20260821_113207\20.8.26 A Block new011_20260820_172050\20.8.26 A Block new011_20260820_172050_20260821_113207_HF.sgy,224,664,122,5,A Block\SEGY_20260821_113207\SEGY_20260821_113207\20.8.26 A Block new011_20260820_172050\20.8.26 A Block new011_20260820_172050_20260821_113207_LF.sgy
A,12,A Block\SEGY_20260821_113207\SEGY_20260821_113207\20.8.26 A Block new012_20260820_172115\20.8.26 A Block new012_20260820_172115_20260821_113207.csv,0.4,Left to Right,Line Scan,Metric,5.7.6,3.8.1,GS80-001-0145,20.8.26 A Block new012,664,655,81,40,8.19,16.38,24.4,7.0,5.475,0.0,0.0,1,220,655,61,5,A Block\SEGY_20260821_113207\SEGY_20260821_113207\20.8.26 A Block new012_20260820_172115\20.8.26 A Block new012_20260820_172115_20260821_113207_HF.sgy,220,664,122,5,A Block\SEGY_20260821_113207\SEGY_20260821_113207\20.8.26 A Block new012_20260820_172115\20.8.26 A Block new012_20260820_172115_20260821_113207_LF.sgy
A,13,A Block\SEGY_20260821_113207\SEGY_20260821_113207\20.8.26 A Block new013_20260820_172200\20.8.26 A Block new013_20260820_172200_20260821_113207.csv,0.4,Left to Right,Line Scan,Metric,5.7.6,3.8.1,GS80-001-0145,20.8.26 A Block new013,664,655,81,40,8.19,16.38,24.4,7.0,5.5,0.0,0.0,1,221,655,61,5,A Block\SEGY_20260821_113207\SEGY_20260821_113207\20.8.26 A Block new013_20260820_172200\20.8.26 A Block new013_20260820_172200_20260821_113207_HF.sgy,221,664,122,5,A Block\SEGY_20260821_113207\SEGY_20260821_113207\20.8.26 A Block new013_20260820_172200\20.8.26 A Block new013_20260820_172200_20260821_113207_LF.sgy
A,14,A Block\SEGY_20260821_113207\SEGY_20260821_113207\20.8.26 A Block new014_20260820_172243\20.8.26 A Block new014_20260820_172243_20260821_113207.csv,0.4,Left to Right,Line Scan,Metric,5.7.6,3.8.1,GS80-001-0145,20.8.26 A Block new014,664,655,81,40,8.19,16.38,24.4,7.0,5.35,0.0,0.0,1,215,655,61,5,A Block\SEGY_20260821_113207\SEGY_20260821_113207\20.8.26 A Block new014_20260820_172243\20.8.26 A Block new014_20260820_172243_20260821_113207_HF.sgy,215,664,122,5,A Block\SEGY_20260821_113207\SEGY_20260821_113207\20.8.26 A Block new014_20260820_172243\20.8.26 A Block new014_20260820_172243_20260821_113207_LF.sgy
A,15,A Block\SEGY_20260821_113207\SEGY_20260821_113207\20.8.26 A Block new015_20260820_172313\20.8.26 A Block new015_20260820_172313_20260821_113207.csv,0.4,Left to Right,Line Scan,Metric,5.7.6,3.8.1,GS80-001-0145,20.8.26 A Block new015,664,655,81,40,8.19,16.38,24.4,7.0,5.45,0.0,0.0,1,219,655,61,5,A Block\SEGY_20260821_113207\SEGY_20260821_113207\20.8.26 A Block new015_20260820_172313\20.8.26 A Block new015_20260820_172313_20260821_113207_HF.sgy,219,664,122,5,A Block\SEGY_20260821_113207\SEGY_20260821_113207\20.8.26 A Block new015_20260820_172313\20.8.26 A Block new015_20260820_172313_20260821_113207_LF.sgy
A,16,A Block\SEGY_20260821_113207\SEGY_20260821_113207\20.8.26 A Block new016_20260820_172355\20.8.26 A Block new016_20260820_172355_20260821_113207.csv,0.4,Left to Right,Line Scan,Metric,5.7.6,3.8.1,GS80-001-0145,20.8.26 A Block new016,664,655,81,40,8.19,16.38,24.4,7.0,5.475,0.0,0.0,1,220,655,61,5,A Block\SEGY_20260821_113207\SEGY_20260821_113207\20.8.26 A Block new016_20260820_172355\20.8.26 A Block new016_20260820_172355_20260821_113207_HF.sgy,220,664,122,5,A Block\SEGY_20260821_113207\SEGY_20260821_113207\20.8.26 A Block new016_20260820_172355\20.8.26 A Block new016_20260820_172355_20260821_113207_LF.sgy
A,17,A Block\SEGY_20260821_113207\SEGY_20260821_113207\20.8.26 A Block new017_20260820_172444\20.8.26 A Block new017_20260820_172444_20260821_113207.csv,0.4,Left to Right,Line Scan,Metric,5.7.6,3.8.1,GS80-001-0145,20.8.26 A Block new017,664,655,81,40,8.19,16.38,24.4,7.0,5.5,0.0,0.0,1,221,655,61,5,A Block\SEGY_20260821_113207\SEGY_20260821_113207\20.8.26 A Block new017_20260820_172444\20.8.26 A Block new017_20260820_172444_20260821_113207_HF.sgy,221,664,122,5,A Block\SEGY_20260821_113207\SEGY_20260821_113207\20.8.26 A Block new017_20260820_172444\20.8.26 A Block new017_20260820_172444_20260821_113207_LF.sgy
A,18,A Block\SEGY_20260821_113207\SEGY_20260821_113207\20.8.26 A Block new018_20260820_172527\20.8.26 A Block new018_20260820_172527_20260821_113207.csv,0.4,Left to Right,Line Scan,Metric,5.7.6,3.8.1,GS80-001-0145,20.8.26 A Block new018,664,655,81,40,8.19,16.38,24.4,7.0,5.45,0.0,0.0,1,219,655,61,5,A Block\SEGY_20260821_113207\SEGY_20260821_113207\20.8.26 A Block new018_20260820_172527\20.8.26 A Block new018_20260820_172527_20260821_113207_HF.sgy,219,664,122,5,A Block\SEGY_20260821_113207\SEGY_20260821_113207\20.8.26 A Block new018_20260820_172527\20.8.26 A Block new018_20260820_172527_20260821_113207_LF.sgy
A,19,A Block\SEGY_20260821_113207\SEGY_20260821_113207\20.8.26 A Block new019_20260820_172601\20.8.26 A Block new019_20260820_172601_20260821_113207.csv,0.4,Left to Right,Line Scan,Metric,5.7.6,3.8.1,GS80-001-0145,20.8.26 A Block new019,664,655,81,40,8.19,16.38,24.4,7.0,5.475,0.0,0.0,1,220,655,61,5,A Block\SEGY_20260821_113207\SEGY_20260821_113207\20.8.26 A Block new019_20260820_172601\20.8.26 A Block new019_20260820_172601_20260821_113207_HF.sgy,220,664,122,5,A Block\SEGY_20260821_113207\SEGY_20260821_113207\20.8.26 A Block new019_20260820_172601\20.8.26 A Block new019_20260820_172601_20260821_113207_LF.sgy
A,20,A Block\SEGY_20260821_113207\SEGY_20260821_113207\20.8.26 A Block new020_20260820_172646\20.8.26 A Block new020_20260820_172646_20260821_113207.csv,0.4,Left to Right,Line Scan,Metric,5.7.6,3.8.1,GS80-001-0145,20.8.26 A Block new020,664,655,81,40,8.19,16.38,24.4,7.0,5.25,0.0,0.0,1,211,655,61,5,A Block\SEGY_20260821_113207\SEGY_20260821_113207\20.8.26 A Block new020_20260820_172646\20.8.26 A Block new020_20260820_172646_20260821_113207_HF.sgy,211,664,122,5,A Block\SEGY_20260821_113207\SEGY_20260821_113207\20.8.26 A Block new020_20260820_172646\20.8.26 A Block new020_20260820_172646_20260821_113207_LF.sgy
A,21,A Block\SEGY_20260821_113207\SEGY_20260821_113207\20.8.26 A Block new021_20260820_172720\20.8.26 A Block new021_20260820_172720_20260821_113401.csv,0.4,Left to Right,Line Scan,Metric,5.7.6,3.8.1,GS80-001-0145,20.8.26 A Block new021,664,655,81,40,8.19,16.38,24.4,7.0,5.3,0.0,0.0,1,213,655,61,5,A Block\SEGY_20260821_113207\SEGY_20260821_113207\20.8.26 A Block new021_20260820_172720\20.8.26 A Block new021_20260820_172720_20260821_113401_HF.sgy,213,664,122,5,A Block\SEGY_20260821_113207\SEGY_20260821_113207\20.8.26 A Block new021_20260820_172720\20.8.26 A Block new021_20260820_172720_20260821_113401_LF.sgy
A,22,A Block\SEGY_20260821_113207\SEGY_20260821_113207\20.8.26 A Block new022_20260820_172754\20.8.26 A Block new022_20260820_172754_20260821_113401.csv,0.4,Left to Right,Line Scan,Metric,5.7.6,3.8.1,GS80-001-0145,20.8.26 A Block new022,664,655,81,40,8.19,16.38,24.4,7.0,5.525,0.0,0.0,1,222,655,61,5,A Block\SEGY_20260821_113207\SEGY_20260821_113207\20.8.26 A Block new022_20260820_172754\20.8.26 A Block new022_20260820_172754_20260821_113401_HF.sgy,222,664,122,5,A Block\SEGY_20260821_113207\SEGY_20260821_113207\20.8.26 A Block new022_20260820_172754\20.8.26 A Block new022_20260820_172754_20260821_113401_LF.sgy
A,23,A Block\SEGY_20260821_113207\SEGY_20260821_113207\20.8.26 A Block new023_20260820_172828\20.8.26 A Block new023_20260820_172828_20260821_113401.csv,0.4,Left to Right,Line Scan,Metric,5.7.6,3.8.1,GS80-001-0145,20.8.26 A Block new023,664,655,81,40,8.19,16.38,24.4,7.0,5.425,0.0,0.0,1,218,655,61,5,A Block\SEGY_20260821_113207\SEGY_20260821_113207\20.8.26 A Block new023_20260820_172828\20.8.26 A Block new023_20260820_172828_20260821_113401_HF.sgy,218,664,122,5,A Block\SEGY_20260821_113207\SEGY_20260821_113207\20.8.26 A Block new023_20260820_172828\20.8.26 A Block new023_20260820_172828_20260821_113401_LF.sgy
A,24,A Block\SEGY_20260821_113207\SEGY_20260821_113207\20.8.26 A Block new024_20260820_172858\20.8.26 A Block new024_20260820_172858_20260821_113401.csv,0.4,Left to Right,Line Scan,Metric,5.7.6,3.8.1,GS80-001-0145,20.8.26 A Block new024,664,655,81,40,8.19,16.38,24.4,7.0,5.375,0.0,0.0,1,216,655,61,5,A Block\SEGY_20260821_113207\SEGY_20260821_113207\20.8.26 A Block new024_20260820_172858\20.8.26 A Block new024_20260820_172858_20260821_113401_HF.sgy,216,664,122,5,A Block\SEGY_20260821_113207\SEGY_20260821_113207\20.8.26 A Block new024_20260820_172858\20.8.26 A Block new024_20260820_172858_20260821_113401_LF.sgy
B,1,B Block\SEGY_20260821_115004\SEGY_20260821_115004\20.8.26 B Block proceq new001_20260820_180157\20.8.26 B Block proceq new001_20260820_180157_20260821_120010.csv,0.4,Left to Right,Line Scan,Metric,5.7.6,3.8.1,GS80-001-0145,20.8.26 B Block proceq new001,664,655,81,40,8.19,16.38,24.4,7.0,9.65,0.0,0.0,1,387,655,61,5,B Block\SEGY_20260821_115004\SEGY_20260821_115004\20.8.26 B Block proceq new001_20260820_180157\20.8.26 B Block proceq new001_20260820_180157_20260821_120010_HF.sgy,387,664,122,5,B Block\SEGY_20260821_115004\SEGY_20260821_115004\20.8.26 B Block proceq new001_20260820_180157\20.8.26 B Block proceq new001_20260820_180157_20260821_120010_LF.sgy
B,2,B Block\SEGY_20260821_115004\SEGY_20260821_115004\20.8.26 B Block proceq new002_20260820_180238\20.8.26 B Block proceq new002_20260820_180238_20260821_120010.csv,0.4,Left to Right,Line Scan,Metric,5.7.6,3.8.1,GS80-001-0145,20.8.26 B Block proceq new002,664,655,81,40,8.19,16.38,24.4,7.0,9.575,0.0,0.0,1,384,655,61,5,B Block\SEGY_20260821_115004\SEGY_20260821_115004\20.8.26 B Block proceq new002_20260820_180238\20.8.26 B Block proceq new002_20260820_180238_20260821_120010_HF.sgy,384,664,122,5,B Block\SEGY_20260821_115004\SEGY_20260821_115004\20.8.26 B Block proceq new002_20260820_180238\20.8.26 B Block proceq new002_20260820_180238_20260821_120010_LF.sgy
B,3,B Block\SEGY_20260821_115004\SEGY_20260821_115004\20.8.26 B Block proceq new003_20260820_180328\20.8.26 B Block proceq new003_20260820_180328_20260821_120010.csv,0.4,Left to Right,Line Scan,Metric,5.7.6,3.8.1,GS80-001-0145,20.8.26 B Block proceq new003,664,655,81,40,8.19,16.38,24.4,7.0,9.6,0.0,0.0,1,385,655,61,5,B Block\SEGY_20260821_115004\SEGY_20260821_115004\20.8.26 B Block proceq new003_20260820_180328\20.8.26 B Block proceq new003_20260820_180328_20260821_120010_HF.sgy,385,664,122,5,B Block\SEGY_20260821_115004\SEGY_20260821_115004\20.8.26 B Block proceq new003_20260820_180328\20.8.26 B Block proceq new003_20260820_180328_20260821_120010_LF.sgy
B,4,B Block\SEGY_20260821_115004\SEGY_20260821_115004\20.8.26 B Block proceq new004_20260820_180642\20.8.26 B Block proceq new004_20260820_180642_20260821_120010.csv,0.4,Left to Right,Line Scan,Metric,5.7.6,3.8.1,GS80-001-0145,20.8.26 B Block proceq new004,664,655,81,40,8.19,16.38,24.4,7.0,9.575,0.0,0.0,1,384,655,61,5,B Block\SEGY_20260821_115004\SEGY_20260821_115004\20.8.26 B Block proceq new004_20260820_180642\20.8.26 B Block proceq new004_20260820_180642_20260821_120010_HF.sgy,384,664,122,5,B Block\SEGY_20260821_115004\SEGY_20260821_115004\20.8.26 B Block proceq new004_20260820_180642\20.8.26 B Block proceq new004_20260820_180642_20260821_120010_LF.sgy
B,5,B Block\SEGY_20260821_115004\SEGY_20260821_115004\20.8.26 B Block proceq new005_20260820_180821\20.8.26 B Block proceq new005_20260820_180821_20260821_120010.csv,0.4,Left to Right,Line Scan,Metric,5.7.6,3.8.1,GS80-001-0145,20.8.26 B Block proceq new005,664,655,81,40,8.19,16.38,24.4,7.0,9.575,0.0,0.0,1,384,655,61,5,B Block\SEGY_20260821_115004\SEGY_20260821_115004\20.8.26 B Block proceq new005_20260820_180821\20.8.26 B Block proceq new005_20260820_180821_20260821_120010_HF.sgy,384,664,122,5,B Block\SEGY_20260821_115004\SEGY_20260821_115004\20.8.26 B Block proceq new005_20260820_180821\20.8.26 B Block proceq new005_20260820_180821_20260821_120010_LF.sgy
B,6,B Block\SEGY_20260821_115004\SEGY_20260821_115004\20.8.26 B Block proceq new006_20260820_180908\20.8.26 B Block proceq new006_20260820_180908_20260821_120010.csv,0.4,Left to Right,Line Scan,Metric,5.7.6,3.8.1,GS80-001-0145,20.8.26 B Block proceq new006,664,655,81,40,8.19,16.38,24.4,7.0,9.6,0.0,0.0,1,385,655,61,5,B Block\SEGY_20260821_115004\SEGY_20260821_115004\20.8.26 B Block proceq new006_20260820_180908\20.8.26 B Block proceq new006_20260820_180908_20260821_120010_HF.sgy,385,664,122,5,B Block\SEGY_20260821_115004\SEGY_20260821_115004\20.8.26 B Block proceq new006_20260820_180908\20.8.26 B Block proceq new006_20260820_180908_20260821_120010_LF.sgy
B,7,B Block\SEGY_20260821_115004\SEGY_20260821_115004\20.8.26 B Block proceq new007_20260820_180952\20.8.26 B Block proceq new007_20260820_180952_20260821_120010.csv,0.4,Left to Right,Line Scan,Metric,5.7.6,3.8.1,GS80-001-0145,20.8.26 B Block proceq new007,664,655,81,40,8.19,16.38,24.4,7.0,9.675,0.0,0.0,1,388,655,61,5,B Block\SEGY_20260821_115004\SEGY_20260821_115004\20.8.26 B Block proceq new007_20260820_180952\20.8.26 B Block proceq new007_20260820_180952_20260821_120010_HF.sgy,388,664,122,5,B Block\SEGY_20260821_115004\SEGY_20260821_115004\20.8.26 B Block proceq new007_20260820_180952\20.8.26 B Block proceq new007_20260820_180952_20260821_120010_LF.sgy
B,8,B Block\SEGY_20260821_115004\SEGY_20260821_115004\20.8.26 B Block proceq new008_20260820_181049\20.8.26 B Block proceq new008_20260820_181049_20260821_120010.csv,0.4,Left to Right,Line Scan,Metric,5.7.6,3.8.1,GS80-001-0145,20.8.26 B Block proceq new008,664,655,81,40,8.19,16.38,24.4,7.0,9.625,0.0,0.0,1,386,655,61,5,B Block\SEGY_20260821_115004\SEGY_20260821_115004\20.8.26 B Block proceq new008_20260820_181049\20.8.26 B Block proceq new008_20260820_181049_20260821_120010_HF.sgy,386,664,122,5,B Block\SEGY_20260821_115004\SEGY_20260821_115004\20.8.26 B Block proceq new008_20260820_181049\20.8.26 B Block proceq new008_20260820_181049_20260821_120010_LF.sgy
B,9,B Block\SEGY_20260821_115004\SEGY_20260821_115004\20.8.26 B Block proceq new009_20260820_181144\20.8.26 B Block proceq new009_20260820_181144_20260821_120010.csv,0.4,Left to Right,Line Scan,Metric,5.7.6,3.8.1,GS80-001-0145,20.8.26 B Block proceq new009,664,655,81,40,8.19,16.38,24.4,7.0,9.6,0.0,0.0,1,385,655,61,5,B Block\SEGY_20260821_115004\SEGY_20260821_115004\20.8.26 B Block proceq new009_20260820_181144\20.8.26 B Block proceq new009_20260820_181144_20260821_120010_HF.sgy,385,664,122,5,B Block\SEGY_20260821_115004\SEGY_20260821_115004\20.8.26 B Block proceq new009_20260820_181144\20.8.26 B Block proceq new009_20260820_181144_20260821_120010_LF.sgy
B,10,B Block\SEGY_20260821_115004\SEGY_20260821_115004\20.8.26 B Block proceq new010_20260820_181228\20.8.26 B Block proceq new010_20260820_181228_20260821_115320.csv,0.4,Left to Right,Line Scan,Metric,5.7.6,3.8.1,GS80-001-0145,20.8.26 B Block proceq new010,664,655,81,40,8.19,16.38,24.4,7.0,9.525,0.0,0.0,1,382,655,61,5,B Block\SEGY_20260821_115004\SEGY_20260821_115004\20.8.26 B Block proceq new010_20260820_181228\20.8.26 B Block proceq new010_20260820_181228_20260821_115320_HF.sgy,382,664,122,5,B Block\SEGY_20260821_115004\SEGY_20260821_115004\20.8.26 B Block proceq new010_20260820_181228\20.8.26 B Block proceq new010_20260820_181228_20260821_115320_LF.sgy
B,11,B Block\SEGY_20260821_115004\SEGY_20260821_115004\20.8.26 B Block proceq new011_20260820_181315\20.8.26 B Block proceq new011_20260820_181315_20260821_115320.csv,0.4,Left to Right,Line Scan,Metric,5.7.6,3.8.1,GS80-001-0145,20.8.26 B Block proceq new011,664,655,81,40,8.19,16.38,24.4,7.0,9.6,0.0,0.0,1,385,655,61,5,B Block\SEGY_20260821_115004\SEGY_20260821_115004\20.8.26 B Block proceq new011_20260820_181315\20.8.26 B Block proceq new011_20260820_181315_20260821_115320_HF.sgy,385,664,122,5,B Block\SEGY_20260821_115004\SEGY_20260821_115004\20.8.26 B Block proceq new011_20260820_181315\20.8.26 B Block proceq new011_20260820_181315_20260821_115320_LF.sgy
B,12,B Block\SEGY_20260821_115004\SEGY_20260821_115004\20.8.26 B Block proceq new012_20260820_181404\20.8.26 B Block proceq new012_20260820_181404_20260821_115320.csv,0.4,Left to Right,Line Scan,Metric,5.7.6,3.8.1,GS80-001-0145,20.8.26 B Block proceq new012,664,655,81,40,8.19,16.38,24.4,7.0,9.475,0.0,0.0,1,380,655,61,5,B Block\SEGY_20260821_115004\SEGY_20260821_115004\20.8.26 B Block proceq new012_20260820_181404\20.8.26 B Block proceq new012_20260820_181404_20260821_115320_HF.sgy,380,664,122,5,B Block\SEGY_20260821_115004\SEGY_20260821_115004\20.8.26 B Block proceq new012_20260820_181404\20.8.26 B Block proceq new012_20260820_181404_20260821_115320_LF.sgy
B,13,B Block\SEGY_20260821_115004\SEGY_20260821_115004\20.8.26 B Block proceq new013_20260820_181459\20.8.26 B Block proceq new013_20260820_181459_20260821_115320.csv,0.4,Left to Right,Line Scan,Metric,5.7.6,3.8.1,GS80-001-0145,20.8.26 B Block proceq new013,664,655,81,40,8.19,16.38,24.4,7.0,9.5,0.0,0.0,1,381,655,61,5,B Block\SEGY_20260821_115004\SEGY_20260821_115004\20.8.26 B Block proceq new013_20260820_181459\20.8.26 B Block proceq new013_20260820_181459_20260821_115320_HF.sgy,381,664,122,5,B Block\SEGY_20260821_115004\SEGY_20260821_115004\20.8.26 B Block proceq new013_20260820_181459\20.8.26 B Block proceq new013_20260820_181459_20260821_115320_LF.sgy
B,14,B Block\SEGY_20260821_115004\SEGY_20260821_115004\20.8.26 B Block proceq new014_20260820_181627\20.8.26 B Block proceq new014_20260820_181627_20260821_115320.csv,0.4,Left to Right,Line Scan,Metric,5.7.6,3.8.1,GS80-001-0145,20.8.26 B Block proceq new014,664,655,81,40,8.19,16.38,24.4,7.0,6.15,0.0,0.0,1,247,655,61,5,B Block\SEGY_20260821_115004\SEGY_20260821_115004\20.8.26 B Block proceq new014_20260820_181627\20.8.26 B Block proceq new014_20260820_181627_20260821_115320_HF.sgy,247,664,122,5,B Block\SEGY_20260821_115004\SEGY_20260821_115004\20.8.26 B Block proceq new014_20260820_181627\20.8.26 B Block proceq new014_20260820_181627_20260821_115320_LF.sgy
B,15,B Block\SEGY_20260821_115004\SEGY_20260821_115004\20.8.26 B Block proceq new015_20260820_181708\20.8.26 B Block proceq new015_20260820_181708_20260821_115320.csv,0.4,Left to Right,Line Scan,Metric,5.7.6,3.8.1,GS80-001-0145,20.8.26 B Block proceq new015,664,655,81,40,8.19,16.38,24.4,7.0,6.025,0.0,0.0,1,242,655,61,5,B Block\SEGY_20260821_115004\SEGY_20260821_115004\20.8.26 B Block proceq new015_20260820_181708\20.8.26 B Block proceq new015_20260820_181708_20260821_115320_HF.sgy,242,664,122,5,B Block\SEGY_20260821_115004\SEGY_20260821_115004\20.8.26 B Block proceq new015_20260820_181708\20.8.26 B Block proceq new015_20260820_181708_20260821_115320_LF.sgy
B,16,B Block\SEGY_20260821_115004\SEGY_20260821_115004\20.8.26 B Block proceq new016_20260820_181740\20.8.26 B Block proceq new016_20260820_181740_20260821_115320.csv,0.4,Left to Right,Line Scan,Metric,5.7.6,3.8.1,GS80-001-0145,20.8.26 B Block proceq new016,664,655,81,40,8.19,16.38,24.4,7.0,6.1,0.0,0.0,1,245,655,61,5,B Block\SEGY_20260821_115004\SEGY_20260821_115004\20.8.26 B Block proceq new016_20260820_181740\20.8.26 B Block proceq new016_20260820_181740_20260821_115320_HF.sgy,245,664,122,5,B Block\SEGY_20260821_115004\SEGY_20260821_115004\20.8.26 B Block proceq new016_20260820_181740\20.8.26 B Block proceq new016_20260820_181740_20260821_115320_LF.sgy
B,17,B Block\SEGY_20260821_115004\SEGY_20260821_115004\20.8.26 B Block proceq new017_20260820_181814\20.8.26 B Block proceq new017_20260820_181814_20260821_115320.csv,0.4,Left to Right,Line Scan,Metric,5.7.6,3.8.1,GS80-001-0145,20.8.26 B Block proceq new017,664,655,81,40,8.19,16.38,24.4,7.0,6.075,0.0,0.0,1,244,655,61,5,B Block\SEGY_20260821_115004\SEGY_20260821_115004\20.8.26 B Block proceq new017_20260820_181814\20.8.26 B Block proceq new017_20260820_181814_20260821_115320_HF.sgy,244,664,122,5,B Block\SEGY_20260821_115004\SEGY_20260821_115004\20.8.26 B Block proceq new017_20260820_181814\20.8.26 B Block proceq new017_20260820_181814_20260821_115320_LF.sgy
B,18,B Block\SEGY_20260821_115004\SEGY_20260821_115004\20.8.26 B Block proceq new018_20260820_181854\20.8.26 B Block proceq new018_20260820_181854_20260821_115320.csv,0.4,Left to Right,Line Scan,Metric,5.7.6,3.8.1,GS80-001-0145,20.8.26 B Block proceq new018,664,655,81,40,8.19,16.38,24.4,7.0,6.025,0.0,0.0,1,242,655,61,5,B Block\SEGY_20260821_115004\SEGY_20260821_115004\20.8.26 B Block proceq new018_20260820_181854\20.8.26 B Block proceq new018_20260820_181854_20260821_115320_HF.sgy,242,664,122,5,B Block\SEGY_20260821_115004\SEGY_20260821_115004\20.8.26 B Block proceq new018_20260820_181854\20.8.26 B Block proceq new018_20260820_181854_20260821_115320_LF.sgy
B,19,B Block\SEGY_20260821_115004\SEGY_20260821_115004\20.8.26 B Block proceq new019_20260820_181922\20.8.26 B Block proceq new019_20260820_181922_20260821_115320.csv,0.4,Left to Right,Line Scan,Metric,5.7.6,3.8.1,GS80-001-0145,20.8.26 B Block proceq new019,664,655,81,40,8.19,16.38,24.4,7.0,6.025,0.0,0.0,1,242,655,61,5,B Block\SEGY_20260821_115004\SEGY_20260821_115004\20.8.26 B Block proceq new019_20260820_181922\20.8.26 B Block proceq new019_20260820_181922_20260821_115320_HF.sgy,242,664,122,5,B Block\SEGY_20260821_115004\SEGY_20260821_115004\20.8.26 B Block proceq new019_20260820_181922\20.8.26 B Block proceq new019_20260820_181922_20260821_115320_LF.sgy
B,20,B Block\SEGY_20260821_115004\SEGY_20260821_115004\20.8.26 B Block proceq new020_20260820_181950\20.8.26 B Block proceq new020_20260820_181950_20260821_115320.csv,0.4,Left to Right,Line Scan,Metric,5.7.6,3.8.1,GS80-001-0145,20.8.26 B Block proceq new020,664,655,81,40,8.19,16.38,24.4,7.0,6.05,0.0,0.0,1,243,655,61,5,B Block\SEGY_20260821_115004\SEGY_20260821_115004\20.8.26 B Block proceq new020_20260820_181950\20.8.26 B Block proceq new020_20260820_181950_20260821_115320_HF.sgy,243,664,122,5,B Block\SEGY_20260821_115004\SEGY_20260821_115004\20.8.26 B Block proceq new020_20260820_181950\20.8.26 B Block proceq new020_20260820_181950_20260821_115320_LF.sgy
B,21,B Block\SEGY_20260821_115004\SEGY_20260821_115004\20.8.26 B Block proceq new021_20260820_182035\20.8.26 B Block proceq new021_20260820_182035_20260821_115320.csv,0.4,Left to Right,Line Scan,Metric,5.7.6,3.8.1,GS80-001-0145,20.8.26 B Block proceq new021,664,655,81,40,8.19,16.38,24.4,7.0,6.0,0.0,0.0,1,241,655,61,5,B Block\SEGY_20260821_115004\SEGY_20260821_115004\20.8.26 B Block proceq new021_20260820_182035\20.8.26 B Block proceq new021_20260820_182035_20260821_115320_HF.sgy,241,664,122,5,B Block\SEGY_20260821_115004\SEGY_20260821_115004\20.8.26 B Block proceq new021_20260820_182035\20.8.26 B Block proceq new021_20260820_182035_20260821_115320_LF.sgy
B,22,B Block\SEGY_20260821_115004\SEGY_20260821_115004\20.8.26 B Block proceq new022_20260820_182110\20.8.26 B Block proceq new022_20260820_182110_20260821_115320.csv,0.4,Left to Right,Line Scan,Metric,5.7.6,3.8.1,GS80-001-0145,20.8.26 B Block proceq new022,664,655,81,40,8.19,16.38,24.4,7.0,6.075,0.0,0.0,1,244,655,61,5,B Block\SEGY_20260821_115004\SEGY_20260821_115004\20.8.26 B Block proceq new022_20260820_182110\20.8.26 B Block proceq new022_20260820_182110_20260821_115320_HF.sgy,244,664,122,5,B Block\SEGY_20260821_115004\SEGY_20260821_115004\20.8.26 B Block proceq new022_20260820_182110\20.8.26 B Block proceq new022_20260820_182110_20260821_115320_LF.sgy
B,23,B Block\SEGY_20260821_115004\SEGY_20260821_115004\20.8.26 B Block proceq new023_20260820_182141\20.8.26 B Block proceq new023_20260820_182141_20260821_115320.csv,0.4,Left to Right,Line Scan,Metric,5.7.6,3.8.1,GS80-001-0145,20.8.26 B Block proceq new023,664,655,81,40,8.19,16.38,24.4,7.0,6.025,0.0,0.0,1,242,655,61,5,B Block\SEGY_20260821_115004\SEGY_20260821_115004\20.8.26 B Block proceq new023_20260820_182141\20.8.26 B Block proceq new023_20260820_182141_20260821_115320_HF.sgy,242,664,122,5,B Block\SEGY_20260821_115004\SEGY_20260821_115004\20.8.26 B Block proceq new023_20260820_182141\20.8.26 B Block proceq new023_20260820_182141_20260821_115320_LF.sgy
B,24,B Block\SEGY_20260821_115004\SEGY_20260821_115004\20.8.26 B Block proceq new024_20260820_182211\20.8.26 B Block proceq new024_20260820_182211_20260821_115320.csv,0.4,Left to Right,Line Scan,Metric,5.7.6,3.8.1,GS80-001-0145,20.8.26 B Block proceq new024,664,655,81,40,8.19,16.38,24.4,7.0,6.3,0.0,0.0,1,253,655,61,5,B Block\SEGY_20260821_115004\SEGY_20260821_115004\20.8.26 B Block proceq new024_20260820_182211\20.8.26 B Block proceq new024_20260820_182211_20260821_115320_HF.sgy,253,664,122,5,B Block\SEGY_20260821_115004\SEGY_20260821_115004\20.8.26 B Block proceq new024_20260820_182211\20.8.26 B Block proceq new024_20260820_182211_20260821_115320_LF.sgy
B,25,B Block\SEGY_20260821_115004\SEGY_20260821_115004\20.8.26 B Block proceq new025_20260820_182244\20.8.26 B Block proceq new025_20260820_182244_20260821_115320.csv,0.4,Left to Right,Line Scan,Metric,5.7.6,3.8.1,GS80-001-0145,20.8.26 B Block proceq new025,664,655,81,40,8.19,16.38,24.4,7.0,6.025,0.0,0.0,1,242,655,61,5,B Block\SEGY_20260821_115004\SEGY_20260821_115004\20.8.26 B Block proceq new025_20260820_182244\20.8.26 B Block proceq new025_20260820_182244_20260821_115320_HF.sgy,242,664,122,5,B Block\SEGY_20260821_115004\SEGY_20260821_115004\20.8.26 B Block proceq new025_20260820_182244\20.8.26 B Block proceq new025_20260820_182244_20260821_115320_LF.sgy
B,26,B Block\SEGY_20260821_115004\SEGY_20260821_115004\20.8.26 B Block proceq new026_20260820_182318\20.8.26 B Block proceq new026_20260820_182318_20260821_115320.csv,0.4,Left to Right,Line Scan,Metric,5.7.6,3.8.1,GS80-001-0145,20.8.26 B Block proceq new026,664,655,81,40,8.19,16.38,24.4,7.0,6.025,0.0,0.0,1,242,655,61,5,B Block\SEGY_20260821_115004\SEGY_20260821_115004\20.8.26 B Block proceq new026_20260820_182318\20.8.26 B Block proceq new026_20260820_182318_20260821_115320_HF.sgy,242,664,122,5,B Block\SEGY_20260821_115004\SEGY_20260821_115004\20.8.26 B Block proceq new026_20260820_182318\20.8.26 B Block proceq new026_20260820_182318_20260821_115320_LF.sgy
B,27,B Block\SEGY_20260821_115004\SEGY_20260821_115004\20.8.26 B Block proceq new027_20260820_182402\20.8.26 B Block proceq new027_20260820_182402_20260821_115320.csv,0.4,Left to Right,Line Scan,Metric,5.7.6,3.8.1,GS80-001-0145,20.8.26 B Block proceq new027,664,655,81,40,8.19,16.38,24.4,7.0,6.075,0.0,0.0,1,244,655,61,5,B Block\SEGY_20260821_115004\SEGY_20260821_115004\20.8.26 B Block proceq new027_20260820_182402\20.8.26 B Block proceq new027_20260820_182402_20260821_115320_HF.sgy,244,664,122,5,B Block\SEGY_20260821_115004\SEGY_20260821_115004\20.8.26 B Block proceq new027_20260820_182402\20.8.26 B Block proceq new027_20260820_182402_20260821_115320_LF.sgy
B,28,B Block\SEGY_20260821_115004\SEGY_20260821_115004\20.8.26 B Block proceq new028_20260820_182444\20.8.26 B Block proceq new028_20260820_182444_20260821_115320.csv,0.4,Left to Right,Line Scan,Metric,5.7.6,3.8.1,GS80-001-0145,20.8.26 B Block proceq new028,664,655,81,40,8.19,16.38,24.4,7.0,6.075,0.0,0.0,1,244,655,61,5,B Block\SEGY_20260821_115004\SEGY_20260821_115004\20.8.26 B Block proceq new028_20260820_182444\20.8.26 B Block proceq new028_20260820_182444_20260821_115320_HF.sgy,244,664,122,5,B Block\SEGY_20260821_115004\SEGY_20260821_115004\20.8.26 B Block proceq new028_20260820_182444\20.8.26 B Block proceq new028_20260820_182444_20260821_115320_LF.sgy
B,29,B Block\SEGY_20260821_115004\SEGY_20260821_115004\20.8.26 B Block proceq new029_20260820_182523\20.8.26 B Block proceq new029_20260820_182523_20260821_115320.csv,0.4,Left to Right,Line Scan,Metric,5.7.6,3.8.1,GS80-001-0145,20.8.26 B Block proceq new029,664,655,81,40,8.19,16.38,24.4,7.0,6.0,0.0,0.0,1,241,655,61,5,B Block\SEGY_20260821_115004\SEGY_20260821_115004\20.8.26 B Block proceq new029_20260820_182523\20.8.26 B Block proceq new029_20260820_182523_20260821_115320_HF.sgy,241,664,122,5,B Block\SEGY_20260821_115004\SEGY_20260821_115004\20.8.26 B Block proceq new029_20260820_182523\20.8.26 B Block proceq new029_20260820_182523_20260821_115320_LF.sgy
B,30,B Block\SEGY_20260821_115004\SEGY_20260821_115004\20.8.26 B Block proceq new030_20260820_182625\20.8.26 B Block proceq new030_20260820_182625_20260821_115004.csv,0.4,Left to Right,Line Scan,Metric,5.7.6,3.8.1,GS80-001-0145,20.8.26 B Block proceq new030,664,655,81,40,8.19,16.38,24.4,7.0,6.075,0.0,0.0,1,244,655,61,5,B Block\SEGY_20260821_115004\SEGY_20260821_115004\20.8.26 B Block proceq new030_20260820_182625\20.8.26 B Block proceq new030_20260820_182625_20260821_115004_HF.sgy,244,664,122,5,B Block\SEGY_20260821_115004\SEGY_20260821_115004\20.8.26 B Block proceq new030_20260820_182625\20.8.26 B Block proceq new030_20260820_182625_20260821_115004_LF.sgy
B,31,B Block\SEGY_20260821_115004\SEGY_20260821_115004\20.8.26 B Block proceq new031_20260820_182700\20.8.26 B Block proceq new031_20260820_182700_20260821_115004.csv,0.4,Left to Right,Line Scan,Metric,5.7.6,3.8.1,GS80-001-0145,20.8.26 B Block proceq new031,664,655,81,40,8.19,16.38,24.4,7.0,6.025,0.0,0.0,1,242,655,61,5,B Block\SEGY_20260821_115004\SEGY_20260821_115004\20.8.26 B Block proceq new031_20260820_182700\20.8.26 B Block proceq new031_20260820_182700_20260821_115004_HF.sgy,242,664,122,5,B Block\SEGY_20260821_115004\SEGY_20260821_115004\20.8.26 B Block proceq new031_20260820_182700\20.8.26 B Block proceq new031_20260820_182700_20260821_115004_LF.sgy
B,32,B Block\SEGY_20260821_115004\SEGY_20260821_115004\20.8.26 B Block proceq new032_20260820_182741\20.8.26 B Block proceq new032_20260820_182741_20260821_115004.csv,0.4,Left to Right,Line Scan,Metric,5.7.6,3.8.1,GS80-001-0145,20.8.26 B Block proceq new032,664,655,81,40,8.19,16.38,24.4,7.0,6.025,0.0,0.0,1,242,655,61,5,B Block\SEGY_20260821_115004\SEGY_20260821_115004\20.8.26 B Block proceq new032_20260820_182741\20.8.26 B Block proceq new032_20260820_182741_20260821_115004_HF.sgy,242,664,122,5,B Block\SEGY_20260821_115004\SEGY_20260821_115004\20.8.26 B Block proceq new032_20260820_182741\20.8.26 B Block proceq new032_20260820_182741_20260821_115004_LF.sgy
B,33,B Block\SEGY_20260821_115004\SEGY_20260821_115004\20.8.26 B Block proceq new033_20260820_182823\20.8.26 B Block proceq new033_20260820_182823_20260821_115004.csv,0.4,Left to Right,Line Scan,Metric,5.7.6,3.8.1,GS80-001-0145,20.8.26 B Block proceq new033,664,655,81,40,8.19,16.38,24.4,7.0,6.05,0.0,0.0,1,243,655,61,5,B Block\SEGY_20260821_115004\SEGY_20260821_115004\20.8.26 B Block proceq new033_20260820_182823\20.8.26 B Block proceq new033_20260820_182823_20260821_115004_HF.sgy,243,664,122,5,B Block\SEGY_20260821_115004\SEGY_20260821_115004\20.8.26 B Block proceq new033_20260820_182823\20.8.26 B Block proceq new033_20260820_182823_20260821_115004_LF.sgy
C,1,C Block\SEGY_20260821_114331\SEGY_20260821_114331\20.8.26 C Block new001_20260820_184938\20.8.26 C Block new001_20260820_184938_20260821_114331.csv,0.4,Left to Right,Line Scan,Metric,5.7.6,3.8.1,GS80-001-0145,20.8.26 C Block new001,664,655,81,40,8.19,16.38,24.4,7.0,6.975,0.0,0.0,1,280,655,61,5,C Block\SEGY_20260821_114331\SEGY_20260821_114331\20.8.26 C Block new001_20260820_184938\20.8.26 C Block new001_20260820_184938_20260821_114331_HF.sgy,280,664,122,5,C Block\SEGY_20260821_114331\SEGY_20260821_114331\20.8.26 C Block new001_20260820_184938\20.8.26 C Block new001_20260820_184938_20260821_114331_LF.sgy
C,2,C Block\SEGY_20260821_114331\SEGY_20260821_114331\20.8.26 C Block new002_20260820_185029\20.8.26 C Block new002_20260820_185029_20260821_114331.csv,0.4,Left to Right,Line Scan,Metric,5.7.6,3.8.1,GS80-001-0145,20.8.26 C Block new002,664,655,81,40,8.19,16.38,24.4,7.0,7.075,0.0,0.0,1,284,655,61,5,C Block\SEGY_20260821_114331\SEGY_20260821_114331\20.8.26 C Block new002_20260820_185029\20.8.26 C Block new002_20260820_185029_20260821_114331_HF.sgy,284,664,122,5,C Block\SEGY_20260821_114331\SEGY_20260821_114331\20.8.26 C Block new002_20260820_185029\20.8.26 C Block new002_20260820_185029_20260821_114331_LF.sgy
C,3,C Block\SEGY_20260821_114331\SEGY_20260821_114331\20.8.26 C Block new003_20260820_185105\20.8.26 C Block new003_20260820_185105_20260821_114331.csv,0.4,Left to Right,Line Scan,Metric,5.7.6,3.8.1,GS80-001-0145,20.8.26 C Block new003,664,655,81,40,8.19,16.38,24.4,7.0,6.975,0.0,0.0,1,280,655,61,5,C Block\SEGY_20260821_114331\SEGY_20260821_114331\20.8.26 C Block new003_20260820_185105\20.8.26 C Block new003_20260820_185105_20260821_114331_HF.sgy,280,664,122,5,C Block\SEGY_20260821_114331\SEGY_20260821_114331\20.8.26 C Block new003_20260820_185105\20.8.26 C Block new003_20260820_185105_20260821_114331_LF.sgy
C,4,C Block\SEGY_20260821_114331\SEGY_20260821_114331\20.8.26 C Block new004_20260820_185141\20.8.26 C Block new004_20260820_185141_20260821_114331.csv,0.4,Left to Right,Line Scan,Metric,5.7.6,3.8.1,GS80-001-0145,20.8.26 C Block new004,664,655,81,40,8.19,16.38,24.4,7.0,7.05,0.0,0.0,1,283,655,61,5,C Block\SEGY_20260821_114331\SEGY_20260821_114331\20.8.26 C Block new004_20260820_185141\20.8.26 C Block new004_20260820_185141_20260821_114331_HF.sgy,283,664,122,5,C Block\SEGY_20260821_114331\SEGY_20260821_114331\20.8.26 C Block new004_20260820_185141\20.8.26 C Block new004_20260820_185141_20260821_114331_LF.sgy
C,5,C Block\SEGY_20260821_114331\SEGY_20260821_114331\20.8.26 C Block new005_20260820_185215\20.8.26 C Block new005_20260820_185215_20260821_114331.csv,0.4,Left to Right,Line Scan,Metric,5.7.6,3.8.1,GS80-001-0145,20.8.26 C Block new005,664,655,81,40,8.19,16.38,24.4,7.0,6.975,0.0,0.0,1,280,655,61,5,C Block\SEGY_20260821_114331\SEGY_20260821_114331\20.8.26 C Block new005_20260820_185215\20.8.26 C Block new005_20260820_185215_20260821_114331_HF.sgy,280,664,122,5,C Block\SEGY_20260821_114331\SEGY_20260821_114331\20.8.26 C Block new005_20260820_185215\20.8.26 C Block new005_20260820_185215_20260821_114331_LF.sgy
C,6,C Block\SEGY_20260821_114331\SEGY_20260821_114331\20.8.26 C Block new006_20260820_185244\20.8.26 C Block new006_20260820_185244_20260821_114331.csv,0.4,Left to Right,Line Scan,Metric,5.7.6,3.8.1,GS80-001-0145,20.8.26 C Block new006,664,655,81,40,8.19,16.38,24.4,7.0,6.925,0.0,0.0,1,278,655,61,5,C Block\SEGY_20260821_114331\SEGY_20260821_114331\20.8.26 C Block new006_20260820_185244\20.8.26 C Block new006_20260820_185244_20260821_114331_HF.sgy,278,664,122,5,C Block\SEGY_20260821_114331\SEGY_20260821_114331\20.8.26 C Block new006_20260820_185244\20.8.26 C Block new006_20260820_185244_20260821_114331_LF.sgy
C,7,C Block\SEGY_20260821_114331\SEGY_20260821_114331\20.8.26 C Block new007_20260820_185316\20.8.26 C Block new007_20260820_185316_20260821_114331.csv,0.4,Left to Right,Line Scan,Metric,5.7.6,3.8.1,GS80-001-0145,20.8.26 C Block new007,664,655,81,40,8.19,16.38,24.4,7.0,6.95,0.0,0.0,1,279,655,61,5,C Block\SEGY_20260821_114331\SEGY_20260821_114331\20.8.26 C Block new007_20260820_185316\20.8.26 C Block new007_20260820_185316_20260821_114331_HF.sgy,279,664,122,5,C Block\SEGY_20260821_114331\SEGY_20260821_114331\20.8.26 C Block new007_20260820_185316\20.8.26 C Block new007_20260820_185316_20260821_114331_LF.sgy
C,8,C Block\SEGY_20260821_114331\SEGY_20260821_114331\20.8.26 C Block new008_20260820_185350\20.8.26 C Block new008_20260820_185350_20260821_114331.csv,0.4,Left to Right,Line Scan,Metric,5.7.6,3.8.1,GS80-001-0145,20.8.26 C Block new008,664,655,81,40,8.19,16.38,24.4,7.0,6.775,0.0,0.0,1,272,655,61,5,C Block\SEGY_20260821_114331\SEGY_20260821_114331\20.8.26 C Block new008_20260820_185350\20.8.26 C Block new008_20260820_185350_20260821_114331_HF.sgy,272,664,122,5,C Block\SEGY_20260821_114331\SEGY_20260821_114331\20.8.26 C Block new008_20260820_185350\20.8.26 C Block new008_20260820_185350_20260821_114331_LF.sgy
C,9,C Block\SEGY_20260821_114331\SEGY_20260821_114331\20.8.26 C Block new009_20260820_185437\20.8.26 C Block new009_20260820_185437_20260821_114331.csv,0.4,Left to Right,Line Scan,Metric,5.7.6,3.8.1,GS80-001-0145,20.8.26 C Block new009,664,655,81,40,8.19,16.38,24.4,7.0,6.8,0.0,0.0,1,273,655,61,5,C Block\SEGY_20260821_114331\SEGY_20260821_114331\20.8.26 C Block new009_20260820_185437\20.8.26 C Block new009_20260820_185437_20260821_114331_HF.sgy,273,664,122,5,C Block\SEGY_20260821_114331\SEGY_20260821_114331\20.8.26 C Block new009_20260820_185437\20.8.26 C Block new009_20260820_185437_20260821_114331_LF.sgy
C,10,C Block\SEGY_20260821_114331\SEGY_20260821_114331\20.8.26 C Block new010_20260820_185516\20.8.26 C Block new010_20260820_185516_20260821_114331.csv,0.4,Left to Right,Line Scan,Metric,5.7.6,3.8.1,GS80-001-0145,20.8.26 C Block new010,664,655,81,40,8.19,16.38,24.4,7.0,6.85,0.0,0.0,1,275,655,61,5,C Block\SEGY_20260821_114331\SEGY_20260821_114331\20.8.26 C Block new010_20260820_185516\20.8.26 C Block new010_20260820_185516_20260821_114331_HF.sgy,275,664,122,5,C Block\SEGY_20260821_114331\SEGY_20260821_114331\20.8.26 C Block new010_20260820_185516\20.8.26 C Block new010_20260820_185516_20260821_114331_LF.sgy
C,11,C Block\SEGY_20260821_114331\SEGY_20260821_114331\20.8.26 C Block new011_20260820_185552\20.8.26 C Block new011_20260820_185552_20260821_114331.csv,0.4,Left to Right,Line Scan,Metric,5.7.6,3.8.1,GS80-001-0145,20.8.26 C Block new011,664,655,81,40,8.19,16.38,24.4,7.0,6.6,0.0,0.0,1,265,655,61,5,C Block\SEGY_20260821_114331\SEGY_20260821_114331\20.8.26 C Block new011_20260820_185552\20.8.26 C Block new011_20260820_185552_20260821_114331_HF.sgy,265,664,122,5,C Block\SEGY_20260821_114331\SEGY_20260821_114331\20.8.26 C Block new011_20260820_185552\20.8.26 C Block new011_20260820_185552_20260821_114331_LF.sgy
C,12,C Block\SEGY_20260821_114331\SEGY_20260821_114331\20.8.26 C Block new012_20260820_185636\20.8.26 C Block new012_20260820_185636_20260821_114331.csv,0.4,Left to Right,Line Scan,Metric,5.7.6,3.8.1,GS80-001-0145,20.8.26 C Block new012,664,655,81,40,8.19,16.38,24.4,7.0,6.7,0.0,0.0,1,269,655,61,5,C Block\SEGY_20260821_114331\SEGY_20260821_114331\20.8.26 C Block new012_20260820_185636\20.8.26 C Block new012_20260820_185636_20260821_114331_HF.sgy,269,664,122,5,C Block\SEGY_20260821_114331\SEGY_20260821_114331\20.8.26 C Block new012_20260820_185636\20.8.26 C Block new012_20260820_185636_20260821_114331_LF.sgy
C,13,C Block\SEGY_20260821_114331\SEGY_20260821_114331\20.8.26 C Block new013_20260820_185720\20.8.26 C Block new013_20260820_185720_20260821_114331.csv,0.4,Left to Right,Line Scan,Metric,5.7.6,3.8.1,GS80-001-0145,20.8.26 C Block new013,664,655,81,40,8.19,16.38,24.4,7.0,6.8,0.0,0.0,1,273,655,61,5,C Block\SEGY_20260821_114331\SEGY_20260821_114331\20.8.26 C Block new013_20260820_185720\20.8.26 C Block new013_20260820_185720_20260821_114331_HF.sgy,273,664,122,5,C Block\SEGY_20260821_114331\SEGY_20260821_114331\20.8.26 C Block new013_20260820_185720\20.8.26 C Block new013_20260820_185720_20260821_114331_LF.sgy
C,14,C Block\SEGY_20260821_114331\SEGY_20260821_114331\20.8.26 C Block new014_20260820_185757\20.8.26 C Block new014_20260820_185757_20260821_114331.csv,0.4,Left to Right,Line Scan,Metric,5.7.6,3.8.1,GS80-001-0145,20.8.26 C Block new014,664,655,81,40,8.19,16.38,24.4,7.0,6.725,0.0,0.0,1,270,655,61,5,C Block\SEGY_20260821_114331\SEGY_20260821_114331\20.8.26 C Block new014_20260820_185757\20.8.26 C Block new014_20260820_185757_20260821_114331_HF.sgy,270,664,122,5,C Block\SEGY_20260821_114331\SEGY_20260821_114331\20.8.26 C Block new014_20260820_185757\20.8.26 C Block new014_20260820_185757_20260821_114331_LF.sgy
C,15,C Block\SEGY_20260821_114331\SEGY_20260821_114331\20.8.26 C Block new015_20260820_185903\20.8.26 C Block new015_20260820_185903_20260821_114331.csv,0.4,Left to Right,Line Scan,Metric,5.7.6,3.8.1,GS80-001-0145,20.8.26 C Block new015,664,655,81,40,8.19,16.38,24.4,7.0,7.1,0.0,0.0,1,285,655,61,5,C Block\SEGY_20260821_114331\SEGY_20260821_114331\20.8.26 C Block new015_20260820_185903\20.8.26 C Block new015_20260820_185903_20260821_114331_HF.sgy,285,664,122,5,C Block\SEGY_20260821_114331\SEGY_20260821_114331\20.8.26 C Block new015_20260820_185903\20.8.26 C Block new015_20260820_185903_20260821_114331_LF.sgy
C,16,C Block\SEGY_20260821_114331\SEGY_20260821_114331\20.8.26 C Block new016_20260820_185945\20.8.26 C Block new016_20260820_185945_20260821_114331.csv,0.4,Left to Right,Line Scan,Metric,5.7.6,3.8.1,GS80-001-0145,20.8.26 C Block new016,664,655,81,40,8.19,16.38,24.4,7.0,6.725,0.0,0.0,1,270,655,61,5,C Block\SEGY_20260821_114331\SEGY_20260821_114331\20.8.26 C Block new016_20260820_185945\20.8.26 C Block new016_20260820_185945_20260821_114331_HF.sgy,270,664,122,5,C Block\SEGY_20260821_114331\SEGY_20260821_114331\20.8.26 C Block new016_20260820_185945\20.8.26 C Block new016_20260820_185945_20260821_114331_LF.sgy
C,17,C Block\SEGY_20260821_114331\SEGY_20260821_114331\20.8.26 C Block new017_20260820_190026\20.8.26 C Block new017_20260820_190026_20260821_114623.csv,0.4,Left to Right,Line Scan,Metric,5.7.6,3.8.1,GS80-001-0145,20.8.26 C Block new017,664,655,81,40,8.19,16.38,24.4,7.0,7.125,0.0,0.0,1,286,655,61,5,C Block\SEGY_20260821_114331\SEGY_20260821_114331\20.8.26 C Block new017_20260820_190026\20.8.26 C Block new017_20260820_190026_20260821_114623_HF.sgy,286,664,122,5,C Block\SEGY_20260821_114331\SEGY_20260821_114331\20.8.26 C Block new017_20260820_190026\20.8.26 C Block new017_20260820_190026_20260821_114623_LF.sgy
C,18,C Block\SEGY_20260821_114331\SEGY_20260821_114331\20.8.26 C Block new018_20260820_190126\20.8.26 C Block new018_20260820_190126_20260821_114623.csv,0.4,Left to Right,Line Scan,Metric,5.7.6,3.8.1,GS80-001-0145,20.8.26 C Block new018,664,655,81,40,8.19,16.38,24.4,7.0,7.9,0.0,0.0,1,317,655,61,5,C Block\SEGY_20260821_114331\SEGY_20260821_114331\20.8.26 C Block new018_20260820_190126\20.8.26 C Block new018_20260820_190126_20260821_114623_HF.sgy,317,664,122,5,C Block\SEGY_20260821_114331\SEGY_20260821_114331\20.8.26 C Block new018_20260820_190126\20.8.26 C Block new018_20260820_190126_20260821_114623_LF.sgy
C,19,C Block\SEGY_20260821_114331\SEGY_20260821_114331\20.8.26 C Block new019_20260820_190254\20.8.26 C Block new019_20260820_190254_20260821_114623.csv,0.4,Left to Right,Line Scan,Metric,5.7.6,3.8.1,GS80-001-0145,20.8.26 C Block new019,664,655,81,40,8.19,16.38,24.4,7.0,7.725,0.0,0.0,1,310,655,61,5,C Block\SEGY_20260821_114331\SEGY_20260821_114331\20.8.26 C Block new019_20260820_190254\20.8.26 C Block new019_20260820_190254_20260821_114623_HF.sgy,310,664,122,5,C Block\SEGY_20260821_114331\SEGY_20260821_114331\20.8.26 C Block new019_20260820_190254\20.8.26 C Block new019_20260820_190254_20260821_114623_LF.sgy
C,20,C Block\SEGY_20260821_114331\SEGY_20260821_114331\20.8.26 C Block new020_20260820_190358\20.8.26 C Block new020_20260820_190358_20260821_114623.csv,0.4,Left to Right,Line Scan,Metric,5.7.6,3.8.1,GS80-001-0145,20.8.26 C Block new020,664,655,81,40,8.19,16.38,24.4,7.0,7.85,0.0,0.0,1,315,655,61,5,C Block\SEGY_20260821_114331\SEGY_20260821_114331\20.8.26 C Block new020_20260820_190358\20.8.26 C Block new020_20260820_190358_20260821_114623_HF.sgy,315,664,122,5,C Block\SEGY_20260821_114331\SEGY_20260821_114331\20.8.26 C Block new020_20260820_190358\20.8.26 C Block new020_20260820_190358_20260821_114623_LF.sgy
C,21,C Block\SEGY_20260821_114331\SEGY_20260821_114331\20.8.26 C Block new021_20260820_190446\20.8.26 C Block new021_20260820_190446_20260821_114623.csv,0.4,Left to Right,Line Scan,Metric,5.7.6,3.8.1,GS80-001-0145,20.8.26 C Block new021,664,655,81,40,8.19,16.38,24.4,7.0,7.75,0.0,0.0,1,311,655,61,5,C Block\SEGY_20260821_114331\SEGY_20260821_114331\20.8.26 C Block new021_20260820_190446\20.8.26 C Block new021_20260820_190446_20260821_114623_HF.sgy,311,664,122,5,C Block\SEGY_20260821_114331\SEGY_20260821_114331\20.8.26 C Block new021_20260820_190446\20.8.26 C Block new021_20260820_190446_20260821_114623_LF.sgy
C,22,C Block\SEGY_20260821_114331\SEGY_20260821_114331\20.8.26 C Block new022_20260820_190551\20.8.26 C Block new022_20260820_190551_20260821_114623.csv,0.4,Left to Right,Line Scan,Metric,5.7.6,3.8.1,GS80-001-0145,20.8.26 C Block new022,664,655,81,40,8.19,16.38,24.4,7.0,8.25,0.0,0.0,1,331,655,61,5,C Block\SEGY_20260821_114331\SEGY_20260821_114331\20.8.26 C Block new022_20260820_190551\20.8.26 C Block new022_20260820_190551_20260821_114623_HF.sgy,331,664,122,5,C Block\SEGY_20260821_114331\SEGY_20260821_114331\20.8.26 C Block new022_20260820_190551\20.8.26 C Block new022_20260820_190551_20260821_114623_LF.sgy
C,23,C Block\SEGY_20260821_114331\SEGY_20260821_114331\20.8.26 C Block new023_20260820_190635\20.8.26 C Block new023_20260820_190635_20260821_114623.csv,0.4,Left to Right,Line Scan,Metric,5.7.6,3.8.1,GS80-001-0145,20.8.26 C Block new023,664,655,81,40,8.19,16.38,24.4,7.0,8.05,0.0,0.0,1,323,655,61,5,C Block\SEGY_20260821_114331\SEGY_20260821_114331\20.8.26 C Block new023_20260820_190635\20.8.26 C Block new023_20260820_190635_20260821_114623_HF.sgy,323,664,122,5,C Block\SEGY_20260821_114331\SEGY_20260821_114331\20.8.26 C Block new023_20260820_190635\20.8.26 C Block new023_20260820_190635_20260821_114623_LF.sgy
C,24,C Block\SEGY_20260821_114331\SEGY_20260821_114331\20.8.26 C Block new024_20260820_190718\20.8.26 C Block new024_20260820_190718_20260821_114623.csv,0.4,Left to Right,Line Scan,Metric,5.7.6,3.8.1,GS80-001-0145,20.8.26 C Block new024,664,655,81,40,8.19,16.38,24.4,7.0,8.125,0.0,0.0,1,326,655,61,5,C Block\SEGY_20260821_114331\SEGY_20260821_114331\20.8.26 C Block new024_20260820_190718\20.8.26 C Block new024_20260820_190718_20260821_114623_HF.sgy,326,664,122,5,C Block\SEGY_20260821_114331\SEGY_20260821_114331\20.8.26 C Block new024_20260820_190718\20.8.26 C Block new024_20260820_190718_20260821_114623_LF.sgy
C,25,C Block\SEGY_20260821_114331\SEGY_20260821_114331\20.8.26 C Block new025_20260820_190806\20.8.26 C Block new025_20260820_190806_20260821_114623.csv,0.4,Left to Right,Line Scan,Metric,5.7.6,3.8.1,GS80-001-0145,20.8.26 C Block new025,664,655,81,40,8.19,16.38,24.4,7.0,7.875,0.0,0.0,1,316,655,61,5,C Block\SEGY_20260821_114331\SEGY_20260821_114331\20.8.26 C Block new025_20260820_190806\20.8.26 C Block new025_20260820_190806_20260821_114623_HF.sgy,316,664,122,5,C Block\SEGY_20260821_114331\SEGY_20260821_114331\20.8.26 C Block new025_20260820_190806\20.8.26 C Block new025_20260820_190806_20260821_114623_LF.sgy
C,26,C Block\SEGY_20260821_114331\SEGY_20260821_114331\20.8.26 C Block new026_20260820_190851\20.8.26 C Block new026_20260820_190851_20260821_114623.csv,0.4,Left to Right,Line Scan,Metric,5.7.6,3.8.1,GS80-001-0145,20.8.26 C Block new026,664,655,81,40,8.19,16.38,24.4,7.0,7.825,0.0,0.0,1,314,655,61,5,C Block\SEGY_20260821_114331\SEGY_20260821_114331\20.8.26 C Block new026_20260820_190851\20.8.26 C Block new026_20260820_190851_20260821_114623_HF.sgy,314,664,122,5,C Block\SEGY_20260821_114331\SEGY_20260821_114331\20.8.26 C Block new026_20260820_190851\20.8.26 C Block new026_20260820_190851_20260821_114623_LF.sgy
C,27,C Block\SEGY_20260821_114331\SEGY_20260821_114331\20.8.26 C Block new027_20260820_190934\20.8.26 C Block new027_20260820_190934_20260821_114623.csv,0.4,Left to Right,Line Scan,Metric,5.7.6,3.8.1,GS80-001-0145,20.8.26 C Block new027,664,655,81,40,8.19,16.38,24.4,7.0,7.925,0.0,0.0,1,318,655,61,5,C Block\SEGY_20260821_114331\SEGY_20260821_114331\20.8.26 C Block new027_20260820_190934\20.8.26 C Block new027_20260820_190934_20260821_114623_HF.sgy,318,664,122,5,C Block\SEGY_20260821_114331\SEGY_20260821_114331\20.8.26 C Block new027_20260820_190934\20.8.26 C Block new027_20260820_190934_20260821_114623_LF.sgy
C,28,C Block\SEGY_20260821_114331\SEGY_20260821_114331\20.8.26 C Block new028_20260820_191017\20.8.26 C Block new028_20260820_191017_20260821_114623.csv,0.4,Left to Right,Line Scan,Metric,5.7.6,3.8.1,GS80-001-0145,20.8.26 C Block new028,664,655,81,40,8.19,16.38,24.4,7.0,7.9,0.0,0.0,1,317,655,61,5,C Block\SEGY_20260821_114331\SEGY_20260821_114331\20.8.26 C Block new028_20260820_191017\20.8.26 C Block new028_20260820_191017_20260821_114623_HF.sgy,317,664,122,5,C Block\SEGY_20260821_114331\SEGY_20260821_114331\20.8.26 C Block new028_20260820_191017\20.8.26 C Block new028_20260820_191017_20260821_114623_LF.sgy
C,29,C Block\SEGY_20260821_114331\SEGY_20260821_114331\20.8.26 C Block new029_20260820_191116\20.8.26 C Block new029_20260820_191116_20260821_114623.csv,0.4,Left to Right,Line Scan,Metric,5.7.6,3.8.1,GS80-001-0145,20.8.26 C Block new029,664,655,81,40,8.19,16.38,24.4,7.0,7.95,0.0,0.0,1,319,655,61,5,C Block\SEGY_20260821_114331\SEGY_20260821_114331\20.8.26 C Block new029_20260820_191116\20.8.26 C Block new029_20260820_191116_20260821_114623_HF.sgy,319,664,122,5,C Block\SEGY_20260821_114331\SEGY_20260821_114331\20.8.26 C Block new029_20260820_191116\20.8.26 C Block new029_20260820_191116_20260821_114623_LF.sgy
C,30,C Block\SEGY_20260821_114331\SEGY_20260821_114331\20.8.26 C Block new030_20260820_191219\20.8.26 C Block new030_20260820_191219_20260821_114623.csv,0.4,Left to Right,Line Scan,Metric,5.7.6,3.8.1,GS80-001-0145,20.8.26 C Block new030,664,655,81,40,8.19,16.38,24.4,7.0,7.975,0.0,0.0,1,320,655,61,5,C Block\SEGY_20260821_114331\SEGY_20260821_114331\20.8.26 C Block new030_20260820_191219\20.8.26 C Block new030_20260820_191219_20260821_114623_HF.sgy,320,664,122,5,C Block\SEGY_20260821_114331\SEGY_20260821_114331\20.8.26 C Block new030_20260820_191219\20.8.26 C Block new030_20260820_191219_20260821_114623_LF.sgy
C,31,C Block\SEGY_20260821_114331\SEGY_20260821_114331\20.8.26 C Block new031_20260820_191325\20.8.26 C Block new031_20260820_191325_20260821_114623.csv,0.4,Left to Right,Line Scan,Metric,5.7.6,3.8.1,GS80-001-0145,20.8.26 C Block new031,664,655,81,40,8.19,16.38,24.4,7.0,8.0,0.0,0.0,1,321,655,61,5,C Block\SEGY_20260821_114331\SEGY_20260821_114331\20.8.26 C Block new031_20260820_191325\20.8.26 C Block new031_20260820_191325_20260821_114623_HF.sgy,321,664,122,5,C Block\SEGY_20260821_114331\SEGY_20260821_114331\20.8.26 C Block new031_20260820_191325\20.8.26 C Block new031_20260820_191325_20260821_114623_LF.sgy
C,32,C Block\SEGY_20260821_114331\SEGY_20260821_114331\20.8.26 C Block new032_20260820_191405\20.8.26 C Block new032_20260820_191405_20260821_114623.csv,0.4,Left to Right,Line Scan,Metric,5.7.6,3.8.1,GS80-001-0145,20.8.26 C Block new032,664,655,81,40,8.19,16.38,24.4,7.0,8.0,0.0,0.0,1,321,655,61,5,C Block\SEGY_20260821_114331\SEGY_20260821_114331\20.8.26 C Block new032_20260820_191405\20.8.26 C Block new032_20260820_191405_20260821_114623_HF.sgy,321,664,122,5,C Block\SEGY_20260821_114331\SEGY_20260821_114331\20.8.26 C Block new032_20260820_191405\20.8.26 C Block new032_20260820_191405_20260821_114623_LF.sgy
