block,feature,line,orientation,channel,x_cm,y_cm,twt_ns,depth_m,envelope,src
A,A-2,13,Y-line,HF,0.0,82.2,11.0474,0.6639,0.959,seed
A,A-2,13,Y-line,HF,0.0,84.7,11.3525,0.6823,1.515,seed
A,A-2,13,Y-line,HF,0.0,87.2,11.3525,0.6823,1.644,seed
A,A-2,13,Y-line,HF,0.0,89.6,11.6577,0.7006,1.668,seed
A,A-2,13,Y-line,HF,0.0,92.1,11.9629,0.719,1.948,seed
A,A-2,13,Y-line,HF,0.0,94.6,12.2681,0.7373,0.834,seed
A,A-2,13,Y-line,HF,0.0,97.1,12.5733,0.7557,1.107,seed
A,A-2,13,Y-line,HF,0.0,99.6,12.8174,0.7703,0.787,seed
A,A-2,13,Y-line,HF,0.0,102.1,13.1226,0.7887,1.225,seed
A,A-2,13,Y-line,HF,0.0,104.6,13.4277,0.807,1.07,seed
A,A-2,13,Y-line,HF,0.0,107.1,13.7329,0.8253,0.78,seed
A,A-2,13,Y-line,HF,0.0,109.6,13.9771,0.84,0.372,seed
A,A-2,13,Y-line,HF,0.0,112.1,13.9771,0.84,0.731,seed
A,A-2,13,Y-line,HF,0.0,114.5,14.2822,0.8584,0.855,seed
A,A-2,13,Y-line,HF,0.0,117.0,14.5874,0.8767,0.638,seed
A,A-2,13,Y-line,HF,0.0,119.5,14.8316,0.8914,0.851,seed
A,A-2,13,Y-line,HF,0.0,122.0,14.8316,0.8914,1.118,seed
A,A-2,13,Y-line,HF,0.0,124.5,15.1367,0.9097,0.872,seed
A,A-2,13,Y-line,HF,0.0,127.0,15.4419,0.9281,1.03,seed
A,A-2,13,Y-line,HF,0.0,129.5,15.7471,0.9464,1.078,seed
A,A-2,13,Y-line,HF,0.0,132.0,15.9912,0.9611,0.718,seed
A,A-2,13,Y-line,HF,0.0,134.5,16.2964,0.9794,0.969,seed
A,A-2,13,Y-line,HF,0.0,137.0,16.6016,0.9978,0.733,seed
A,A-2,13,Y-line,HF,0.0,139.4,16.9068,1.0161,0.752,seed
A,A-2,13,Y-line,HF,0.0,141.9,17.1509,1.0308,1.238,seed
A,A-2,13,Y-line,HF,0.0,144.4,17.4561,1.0491,1.018,seed
A,A-2,13,Y-line,HF,0.0,146.9,17.7612,1.0675,0.864,seed
A,A-2,13,Y-line,HF,0.0,149.4,18.0664,1.0858,1.315,seed
A,A-2,13,Y-line,HF,0.0,151.9,18.3106,1.1005,1.529,seed
A,A-2,13,Y-line,HF,0.0,154.4,18.6157,1.1188,1.448,seed
A,A-2,13,Y-line,HF,0.0,156.9,18.9209,1.1371,1.636,seed
A,A-2,13,Y-line,HF,0.0,159.4,19.2261,1.1555,1.766,seed
A,A-2,13,Y-line,HF,0.0,161.9,19.5313,1.1738,1.541,seed
A,A-2,13,Y-line,HF,0.0,164.3,19.7754,1.1885,1.092,seed
A,A-2,13,Y-line,HF,0.0,166.8,20.0806,1.2068,1.214,seed
A,A-2,13,Y-line,HF,0.0,169.3,20.3858,1.2252,1.151,seed
A,A-2,13,Y-line,HF,0.0,171.8,20.6909,1.2435,1.266,seed
A,A-2,13,Y-line,HF,0.0,174.3,20.9351,1.2582,0.675,seed
A,A-2,13,Y-line,HF,0.0,176.8,21.2402,1.2765,0.858,seed
A,A-2,13,Y-line,HF,0.0,179.3,21.5454,1.2949,1.33,seed
A,A-2,13,Y-line,HF,0.0,181.8,21.8506,1.3132,1.269,seed
A,A-2,13,Y-line,HF,0.0,184.3,22.0947,1.3279,1.0,seed
A,A-2,13,Y-line,HF,0.0,186.8,22.3999,1.3462,1.061,seed
A,A-2,13,Y-line,HF,0.0,189.2,22.7051,1.3646,1.527,seed
A,A-2,13,Y-line,LF,0.0,149.4,17.9443,1.0785,1.22,seed
A,A-2,13,Y-line,LF,0.0,151.9,18.1885,1.0931,1.314,seed
A,A-2,13,Y-line,LF,0.0,154.4,18.5547,1.1151,1.393,seed
A,A-2,13,Y-line,LF,0.0,156.9,18.7988,1.1298,1.307,seed
A,A-2,13,Y-line,LF,0.0,159.4,19.043,1.1445,1.245,seed
A,A-2,13,Y-line,LF,0.0,161.9,19.4092,1.1665,1.212,seed
A,A-2,13,Y-line,LF,0.0,164.3,19.6533,1.1812,1.208,seed
A,A-2,13,Y-line,LF,0.0,166.8,20.0195,1.2032,1.181,seed
A,A-2,13,Y-line,LF,0.0,169.3,20.2637,1.2178,1.177,seed
A,A-2,13,Y-line,LF,0.0,171.8,20.5078,1.2325,1.165,seed
A,A-2,13,Y-line,LF,0.0,174.3,20.874,1.2545,1.134,seed
A,A-2,13,Y-line,LF,0.0,176.8,21.1182,1.2692,1.107,seed
A,A-2,13,Y-line,LF,0.0,179.3,21.3623,1.2839,1.065,seed
A,A-2,13,Y-line,LF,0.0,181.8,21.7285,1.3059,1.014,seed
A,A-2,13,Y-line,LF,0.0,184.3,21.9727,1.3206,0.979,seed
A,A-2,13,Y-line,LF,0.0,186.8,22.2168,1.3352,1.023,seed
A,A-2,13,Y-line,LF,0.0,189.2,22.583,1.3572,1.128,seed
A,A-2,13,Y-line,LF,0.0,191.7,22.8271,1.3719,1.23,seed
A,A-2,13,Y-line,LF,0.0,194.2,23.1934,1.3939,1.292,seed
A,A-2,13,Y-line,LF,0.0,196.7,23.4375,1.4086,1.273,seed
A,A-2,13,Y-line,LF,0.0,199.2,23.6816,1.4233,1.243,seed
A,A-2,13,Y-line,LF,0.0,201.7,24.0478,1.4453,1.26,seed
A,A-2,13,Y-line,LF,0.0,204.2,24.292,1.4599,1.243,seed
A,A-2,13,Y-line,LF,0.0,206.7,24.5361,1.4746,1.18,seed
A,A-2,13,Y-line,LF,0.0,209.2,24.9023,1.4966,1.16,seed
A,A-2,13,Y-line,LF,0.0,211.7,25.1465,1.5113,1.195,seed
A,A-2,13,Y-line,LF,0.0,214.1,25.5127,1.5333,1.233,seed
A,A-2,13,Y-line,LF,0.0,216.6,25.7568,1.548,1.222,seed
A,A-2,13,Y-line,LF,0.0,219.1,26.001,1.5627,1.152,seed
A,A-2,13,Y-line,LF,0.0,221.6,26.3672,1.5847,1.137,seed
A,A-2,13,Y-line,LF,0.0,224.1,26.6113,1.5993,1.186,seed
A,A-2,13,Y-line,LF,0.0,226.6,26.8555,1.614,1.268,seed
A,A-2,13,Y-line,LF,0.0,229.1,26.8555,1.614,1.088,seed
A,A-2,13,Y-line,LF,0.0,231.6,26.8555,1.614,1.096,seed
A,A-2,13,Y-line,LF,0.0,234.1,26.8555,1.614,1.334,seed
A,A-2,13,Y-line,LF,0.0,236.6,26.8555,1.614,1.384,seed
A,A-2,13,Y-line,LF,0.0,239.0,26.8555,1.614,1.29,seed
A,A-2,15,Y-line,HF,100.0,82.2,10.1318,0.6089,0.824,seed
A,A-2,15,Y-line,HF,100.0,84.7,10.437,0.6273,0.227,seed
A,A-2,15,Y-line,HF,100.0,87.2,10.6812,0.6419,0.925,seed
A,A-2,15,Y-line,HF,100.0,89.6,10.9863,0.6603,1.315,seed
A,A-2,15,Y-line,HF,100.0,92.1,11.2915,0.6786,0.73,seed
A,A-2,15,Y-line,HF,100.0,94.6,11.5967,0.697,1.554,seed
A,A-2,15,Y-line,HF,100.0,97.1,11.9019,0.7153,1.485,seed
A,A-2,15,Y-line,HF,100.0,99.6,12.146,0.73,0.644,seed
A,A-2,15,Y-line,HF,100.0,102.1,12.4512,0.7483,1.963,seed
A,A-2,15,Y-line,HF,100.0,104.6,12.7564,0.7667,0.726,seed
A,A-2,15,Y-line,HF,100.0,107.1,12.8174,0.7703,1.469,seed
A,A-2,15,Y-line,HF,100.0,109.6,12.8174,0.7703,1.8,seed
A,A-2,15,Y-line,HF,100.0,112.1,12.8174,0.7703,1.81,seed
A,A-2,15,Y-line,HF,100.0,114.5,13.1226,0.7887,1.154,seed
A,A-2,15,Y-line,HF,100.0,117.0,13.4277,0.807,0.96,seed
A,A-2,15,Y-line,HF,100.0,119.5,13.6719,0.8217,1.275,seed
A,A-2,15,Y-line,HF,100.0,122.0,13.9771,0.84,1.025,seed
A,A-2,15,Y-line,HF,100.0,124.5,14.2822,0.8584,0.569,seed
A,A-2,15,Y-line,HF,100.0,127.0,14.5874,0.8767,0.835,seed
A,A-2,15,Y-line,HF,100.0,129.5,14.8926,0.895,0.865,seed
A,A-2,15,Y-line,HF,100.0,132.0,15.1367,0.9097,0.935,seed
A,A-2,15,Y-line,HF,100.0,134.5,15.4419,0.9281,1.343,seed
A,A-2,15,Y-line,HF,100.0,137.0,15.7471,0.9464,1.086,seed
A,A-2,15,Y-line,HF,100.0,139.4,16.0523,0.9647,1.454,seed
A,A-2,15,Y-line,HF,100.0,141.9,16.2964,0.9794,1.131,seed
A,A-2,15,Y-line,HF,100.0,144.4,16.6016,0.9978,1.331,seed
A,A-2,15,Y-line,HF,100.0,146.9,16.9068,1.0161,1.566,seed
A,A-2,15,Y-line,HF,100.0,149.4,17.2119,1.0344,0.865,seed
A,A-2,15,Y-line,HF,100.0,151.9,17.4561,1.0491,1.349,seed
A,A-2,15,Y-line,HF,100.0,154.4,17.7612,1.0675,1.43,seed
A,A-2,15,Y-line,HF,100.0,156.9,18.0664,1.0858,1.082,seed
A,A-2,15,Y-line,HF,100.0,159.4,18.3716,1.1041,1.147,seed
A,A-2,15,Y-line,HF,100.0,161.9,18.6768,1.1225,0.938,seed
A,A-2,15,Y-line,HF,100.0,164.3,18.9209,1.1371,1.128,seed
A,A-2,15,Y-line,HF,100.0,166.8,19.2261,1.1555,1.295,seed
A,A-2,15,Y-line,HF,100.0,169.3,19.2261,1.1555,1.489,seed
A,A-2,15,Y-line,HF,100.0,171.8,19.5313,1.1738,1.067,seed
A,A-2,15,Y-line,HF,100.0,174.3,19.7754,1.1885,0.198,seed
A,A-2,15,Y-line,HF,100.0,176.8,20.0806,1.2068,0.55,seed
A,A-2,15,Y-line,HF,100.0,179.3,20.3858,1.2252,0.388,seed
A,A-2,15,Y-line,HF,100.0,181.8,20.6909,1.2435,1.009,seed
A,A-2,15,Y-line,HF,100.0,184.3,20.9351,1.2582,1.534,seed
A,A-2,15,Y-line,HF,100.0,186.8,21.2402,1.2765,1.103,seed
A,A-2,15,Y-line,HF,100.0,189.2,21.5454,1.2949,1.835,seed
A,A-2,15,Y-line,LF,100.0,149.4,18.5547,1.1151,1.165,seed
A,A-2,15,Y-line,LF,100.0,151.9,18.7988,1.1298,1.186,seed
A,A-2,15,Y-line,LF,100.0,154.4,19.165,1.1518,1.173,seed
A,A-2,15,Y-line,LF,100.0,156.9,19.4092,1.1665,1.257,seed
A,A-2,15,Y-line,LF,100.0,159.4,19.4092,1.1665,1.261,seed
A,A-2,15,Y-line,LF,100.0,161.9,19.4092,1.1665,1.27,seed
A,A-2,15,Y-line,LF,100.0,164.3,19.4092,1.1665,1.295,seed
A,A-2,15,Y-line,LF,100.0,166.8,19.4092,1.1665,1.346,seed
A,A-2,15,Y-line,LF,100.0,169.3,19.4092,1.1665,1.346,seed
A,A-2,15,Y-line,LF,100.0,171.8,19.6533,1.1812,1.314,seed
A,A-2,15,Y-line,LF,100.0,174.3,20.0195,1.2032,1.318,seed
A,A-2,15,Y-line,LF,100.0,176.8,20.2637,1.2178,1.36,seed
A,A-2,15,Y-line,LF,100.0,179.3,20.5078,1.2325,1.228,seed
A,A-2,15,Y-line,LF,100.0,181.8,20.874,1.2545,1.164,seed
A,A-2,15,Y-line,LF,100.0,184.3,21.1182,1.2692,1.143,seed
A,A-2,15,Y-line,LF,100.0,186.8,21.3623,1.2839,1.117,seed
A,A-2,15,Y-line,LF,100.0,189.2,21.7285,1.3059,1.068,seed
A,A-2,15,Y-line,LF,100.0,191.7,21.9727,1.3206,1.058,seed
A,A-2,15,Y-line,LF,100.0,194.2,22.3389,1.3426,1.063,seed
A,A-2,15,Y-line,LF,100.0,196.7,22.583,1.3572,1.095,seed
A,A-2,15,Y-line,LF,100.0,199.2,22.8271,1.3719,1.117,seed
A,A-2,15,Y-line,LF,100.0,201.7,23.1934,1.3939,1.111,seed
A,A-2,15,Y-line,LF,100.0,204.2,23.4375,1.4086,1.109,seed
A,A-2,15,Y-line,LF,100.0,206.7,23.6816,1.4233,1.111,seed
A,A-2,15,Y-line,LF,100.0,209.2,24.0478,1.4453,1.09,seed
A,A-2,15,Y-line,LF,100.0,211.7,24.292,1.4599,1.143,seed
A,A-2,15,Y-line,LF,100.0,214.1,24.6582,1.482,1.132,seed
A,A-2,15,Y-line,LF,100.0,216.6,24.9023,1.4966,1.198,seed
A,A-2,15,Y-line,LF,100.0,219.1,25.1465,1.5113,1.333,seed
A,A-2,15,Y-line,LF,100.0,221.6,25.5127,1.5333,1.36,seed
A,A-2,15,Y-line,LF,100.0,224.1,25.7568,1.548,1.219,seed
A,A-2,15,Y-line,LF,100.0,226.6,26.001,1.5627,1.131,seed
A,A-2,15,Y-line,LF,100.0,229.1,26.3672,1.5847,1.102,seed
A,A-2,15,Y-line,LF,100.0,231.6,26.6113,1.5993,1.155,seed
A,A-2,15,Y-line,LF,100.0,234.1,26.8555,1.614,1.177,seed
A,A-2,15,Y-line,LF,100.0,236.6,27.2217,1.636,1.178,seed
A,A-2,15,Y-line,LF,100.0,239.0,27.4658,1.6507,1.149,seed
A,A-2,16,Y-line,HF,150.0,82.2,10.3149,0.6199,0.775,seed
A,A-2,16,Y-line,HF,150.0,84.7,10.6201,0.6383,1.754,seed
A,A-2,16,Y-line,HF,150.0,87.2,10.8643,0.6529,1.333,seed
A,A-2,16,Y-line,HF,150.0,89.6,11.1694,0.6713,0.655,seed
A,A-2,16,Y-line,HF,150.0,92.1,11.4746,0.6896,1.108,seed
A,A-2,16,Y-line,HF,150.0,94.6,11.7798,0.708,0.595,seed
A,A-2,16,Y-line,HF,150.0,97.1,12.085,0.7263,1.037,seed
A,A-2,16,Y-line,HF,150.0,99.6,12.3291,0.741,2.104,seed
A,A-2,16,Y-line,HF,150.0,102.1,12.6343,0.7593,0.989,seed
A,A-2,16,Y-line,HF,150.0,104.6,12.9395,0.7777,1.519,seed
A,A-2,16,Y-line,HF,150.0,107.1,13.2446,0.796,0.584,seed
A,A-2,16,Y-line,HF,150.0,109.6,13.4888,0.8107,0.393,seed
A,A-2,16,Y-line,HF,150.0,112.1,13.794,0.829,1.16,seed
A,A-2,16,Y-line,HF,150.0,114.5,14.0991,0.8474,1.274,seed
A,A-2,16,Y-line,HF,150.0,117.0,14.4043,0.8657,1.227,seed
A,A-2,16,Y-line,HF,150.0,119.5,14.6484,0.8804,1.124,seed
A,A-2,16,Y-line,HF,150.0,122.0,14.9536,0.8987,0.59,seed
A,A-2,16,Y-line,HF,150.0,124.5,15.2588,0.9171,1.473,seed
A,A-2,16,Y-line,HF,150.0,127.0,15.564,0.9354,0.479,seed
A,A-2,16,Y-line,HF,150.0,129.5,15.8692,0.9537,1.363,seed
A,A-2,16,Y-line,HF,150.0,132.0,15.8692,0.9537,0.93,seed
A,A-2,16,Y-line,HF,150.0,134.5,16.1743,0.9721,0.221,seed
A,A-2,16,Y-line,HF,150.0,137.0,16.4795,0.9904,0.956,seed
A,A-2,16,Y-line,HF,150.0,139.4,16.4795,0.9904,1.806,seed
A,A-2,16,Y-line,HF,150.0,141.9,16.7236,1.0051,1.267,seed
A,A-2,16,Y-line,HF,150.0,144.4,17.0288,1.0234,1.074,seed
A,A-2,16,Y-line,HF,150.0,146.9,17.334,1.0418,1.436,seed
A,A-2,16,Y-line,HF,150.0,149.4,17.273,1.0381,1.12,seed
A,A-2,16,Y-line,HF,150.0,151.9,17.5171,1.0528,0.457,seed
A,A-2,16,Y-line,HF,150.0,154.4,17.5171,1.0528,1.195,seed
A,A-2,16,Y-line,HF,150.0,156.9,17.8223,1.0711,0.62,seed
A,A-2,16,Y-line,HF,150.0,159.4,18.1275,1.0895,1.498,seed
A,A-2,16,Y-line,HF,150.0,161.9,18.4326,1.1078,1.105,seed
A,A-2,16,Y-line,HF,150.0,164.3,18.6768,1.1225,1.099,seed
A,A-2,16,Y-line,HF,150.0,166.8,18.9819,1.1408,1.181,seed
A,A-2,16,Y-line,HF,150.0,169.3,19.2871,1.1592,0.516,seed
A,A-2,16,Y-line,HF,150.0,171.8,19.5923,1.1775,0.914,seed
A,A-2,16,Y-line,HF,150.0,174.3,19.8364,1.1922,2.001,seed
A,A-2,16,Y-line,HF,150.0,176.8,20.1416,1.2105,1.007,seed
A,A-2,16,Y-line,HF,150.0,179.3,20.4468,1.2289,1.581,seed
A,A-2,16,Y-line,HF,150.0,181.8,20.752,1.2472,1.656,seed
A,A-2,16,Y-line,HF,150.0,184.3,20.9961,1.2619,1.329,seed
A,A-2,16,Y-line,HF,150.0,186.8,21.3013,1.2802,1.559,seed
A,A-2,16,Y-line,HF,150.0,189.2,21.6065,1.2985,1.698,seed
A,A-2,16,Y-line,LF,150.0,149.4,18.5547,1.1151,0.975,seed
A,A-2,16,Y-line,LF,150.0,151.9,18.7988,1.1298,1.013,seed
A,A-2,16,Y-line,LF,150.0,154.4,19.165,1.1518,1.136,seed
A,A-2,16,Y-line,LF,150.0,156.9,19.4092,1.1665,1.185,seed
A,A-2,16,Y-line,LF,150.0,159.4,19.6533,1.1812,1.171,seed
A,A-2,16,Y-line,LF,150.0,161.9,20.0195,1.2032,1.068,seed
A,A-2,16,Y-line,LF,150.0,164.3,20.2637,1.2178,0.976,seed
A,A-2,16,Y-line,LF,150.0,166.8,20.6299,1.2399,1.021,seed
A,A-2,16,Y-line,LF,150.0,169.3,20.874,1.2545,1.115,seed
A,A-2,16,Y-line,LF,150.0,171.8,21.1182,1.2692,1.172,seed
A,A-2,16,Y-line,LF,150.0,174.3,21.4844,1.2912,1.17,seed
A,A-2,16,Y-line,LF,150.0,176.8,21.7285,1.3059,1.19,seed
A,A-2,16,Y-line,LF,150.0,179.3,21.9727,1.3206,1.234,seed
A,A-2,16,Y-line,LF,150.0,181.8,22.3389,1.3426,1.31,seed
A,A-2,16,Y-line,LF,150.0,184.3,22.583,1.3572,1.348,seed
A,A-2,16,Y-line,LF,150.0,186.8,22.8271,1.3719,1.346,seed
A,A-2,16,Y-line,LF,150.0,189.2,23.1934,1.3939,1.389,seed
A,A-2,16,Y-line,LF,150.0,191.7,23.4375,1.4086,1.496,seed
A,A-2,16,Y-line,LF,150.0,194.2,23.8037,1.4306,1.403,seed
A,A-2,16,Y-line,LF,150.0,196.7,24.0478,1.4453,1.335,seed
A,A-2,16,Y-line,LF,150.0,199.2,24.292,1.4599,1.333,seed
A,A-2,16,Y-line,LF,150.0,201.7,24.6582,1.482,1.252,seed
A,A-2,16,Y-line,LF,150.0,204.2,24.9023,1.4966,1.28,seed
A,A-2,16,Y-line,LF,150.0,206.7,25.1465,1.5113,1.377,seed
A,A-2,16,Y-line,LF,150.0,209.2,25.5127,1.5333,1.412,seed
A,A-2,16,Y-line,LF,150.0,211.7,25.7568,1.548,1.239,seed
A,A-2,16,Y-line,LF,150.0,214.1,26.123,1.57,1.322,seed
A,A-2,16,Y-line,LF,150.0,216.6,26.3672,1.5847,1.342,seed
A,A-2,16,Y-line,LF,150.0,219.1,26.6113,1.5993,1.33,seed
A,A-2,16,Y-line,LF,150.0,221.6,26.9775,1.6213,1.187,seed
A,A-2,16,Y-line,LF,150.0,224.1,27.2217,1.636,0.997,seed
A,A-2,16,Y-line,LF,150.0,226.6,27.4658,1.6507,1.113,seed
A,A-2,16,Y-line,LF,150.0,229.1,27.832,1.6727,1.294,seed
A,A-2,16,Y-line,LF,150.0,231.6,27.832,1.6727,1.232,seed
A,A-2,16,Y-line,LF,150.0,234.1,27.832,1.6727,1.177,seed
A,A-2,16,Y-line,LF,150.0,236.6,27.832,1.6727,1.047,seed
A,A-2,16,Y-line,LF,150.0,239.0,27.832,1.6727,0.932,seed
A,A-2,19,Y-line,HF,300.0,82.2,10.1318,0.6089,0.652,seed
A,A-2,19,Y-line,HF,300.0,84.7,10.437,0.6273,0.727,seed
A,A-2,19,Y-line,HF,300.0,87.2,10.6812,0.6419,1.251,seed
A,A-2,19,Y-line,HF,300.0,89.6,10.9863,0.6603,1.655,seed
A,A-2,19,Y-line,HF,300.0,92.1,11.2915,0.6786,1.721,seed
A,A-2,19,Y-line,HF,300.0,94.6,11.5967,0.697,1.507,seed
A,A-2,19,Y-line,HF,300.0,97.1,11.9019,0.7153,0.718,seed
A,A-2,19,Y-line,HF,300.0,99.6,12.146,0.73,0.543,seed
A,A-2,19,Y-line,HF,300.0,102.1,12.4512,0.7483,0.561,seed
A,A-2,19,Y-line,HF,300.0,104.6,12.7564,0.7667,0.684,seed
A,A-2,19,Y-line,HF,300.0,107.1,13.0615,0.785,1.844,seed
A,A-2,19,Y-line,HF,300.0,109.6,13.3057,0.7997,2.236,seed
A,A-2,19,Y-line,HF,300.0,112.1,13.3057,0.7997,2.226,seed
A,A-2,19,Y-line,HF,300.0,114.5,13.6108,0.818,1.042,seed
A,A-2,19,Y-line,HF,300.0,117.0,13.916,0.8364,1.79,seed
A,A-2,19,Y-line,HF,300.0,119.5,14.1602,0.851,1.535,seed
A,A-2,19,Y-line,HF,300.0,122.0,14.4653,0.8694,0.788,seed
A,A-2,19,Y-line,HF,300.0,124.5,14.7705,0.8877,1.859,seed
A,A-2,19,Y-line,HF,300.0,127.0,14.7705,0.8877,1.435,seed
A,A-2,19,Y-line,HF,300.0,129.5,14.7705,0.8877,1.644,seed
A,A-2,19,Y-line,HF,300.0,132.0,15.0147,0.9024,2.23,seed
A,A-2,19,Y-line,HF,300.0,134.5,15.3198,0.9207,1.179,seed
A,A-2,19,Y-line,HF,300.0,137.0,15.625,0.9391,2.074,seed
A,A-2,19,Y-line,HF,300.0,139.4,15.9302,0.9574,0.833,seed
A,A-2,19,Y-line,HF,300.0,141.9,16.1743,0.9721,0.862,seed
A,A-2,19,Y-line,HF,300.0,144.4,16.4795,0.9904,0.784,seed
A,A-2,19,Y-line,HF,300.0,146.9,16.7847,1.0088,1.902,seed
A,A-2,19,Y-line,HF,300.0,149.4,17.0899,1.0271,1.173,seed
A,A-2,19,Y-line,HF,300.0,151.9,17.334,1.0418,1.604,seed
A,A-2,19,Y-line,HF,300.0,154.4,17.6392,1.0601,0.729,seed
A,A-2,19,Y-line,HF,300.0,156.9,17.9443,1.0785,1.285,seed
A,A-2,19,Y-line,HF,300.0,159.4,18.2495,1.0968,0.495,seed
A,A-2,19,Y-line,HF,300.0,161.9,18.5547,1.1151,1.909,seed
A,A-2,19,Y-line,HF,300.0,164.3,18.6157,1.1188,1.36,seed
A,A-2,19,Y-line,HF,300.0,166.8,18.9209,1.1371,0.746,seed
A,A-2,19,Y-line,HF,300.0,169.3,19.2261,1.1555,1.129,seed
A,A-2,19,Y-line,HF,300.0,171.8,19.5313,1.1738,0.792,seed
A,A-2,19,Y-line,HF,300.0,174.3,19.7754,1.1885,0.503,seed
A,A-2,19,Y-line,HF,300.0,176.8,20.0806,1.2068,0.675,seed
A,A-2,19,Y-line,HF,300.0,179.3,20.3858,1.2252,1.073,seed
A,A-2,19,Y-line,HF,300.0,181.8,20.6909,1.2435,0.826,seed
A,A-2,19,Y-line,HF,300.0,184.3,20.9351,1.2582,1.744,seed
A,A-2,19,Y-line,HF,300.0,186.8,21.2402,1.2765,0.92,seed
A,A-2,19,Y-line,HF,300.0,189.2,21.5454,1.2949,1.138,seed
A,A-2,19,Y-line,LF,300.0,149.4,20.1416,1.2105,0.661,seed
A,A-2,19,Y-line,LF,300.0,151.9,20.3857,1.2252,1.146,seed
A,A-2,19,Y-line,LF,300.0,154.4,20.752,1.2472,0.733,seed
A,A-2,19,Y-line,LF,300.0,156.9,20.9961,1.2619,0.67,seed
A,A-2,19,Y-line,LF,300.0,159.4,21.2402,1.2765,0.71,seed
A,A-2,19,Y-line,LF,300.0,161.9,21.6064,1.2985,0.902,seed
A,A-2,19,Y-line,LF,300.0,164.3,21.8506,1.3132,1.688,seed
A,A-2,19,Y-line,LF,300.0,166.8,22.2168,1.3352,0.834,seed
A,A-2,19,Y-line,LF,300.0,169.3,22.4609,1.3499,0.269,seed
A,A-2,19,Y-line,LF,300.0,171.8,22.7051,1.3646,1.082,seed
A,A-2,19,Y-line,LF,300.0,174.3,23.0713,1.3866,1.394,seed
A,A-2,19,Y-line,LF,300.0,176.8,23.3154,1.4013,1.13,seed
A,A-2,19,Y-line,LF,300.0,179.3,23.5596,1.4159,1.211,seed
A,A-2,19,Y-line,LF,300.0,181.8,23.9258,1.4379,1.084,seed
A,A-2,19,Y-line,LF,300.0,184.3,24.1699,1.4526,0.866,seed
A,A-2,19,Y-line,LF,300.0,186.8,24.4141,1.4673,0.453,seed
A,A-2,19,Y-line,LF,300.0,189.2,24.7803,1.4893,0.678,seed
A,A-2,19,Y-line,LF,300.0,191.7,25.0244,1.504,1.777,seed
A,A-2,19,Y-line,LF,300.0,194.2,25.3906,1.526,0.22,seed
A,A-2,19,Y-line,LF,300.0,196.7,25.6348,1.5406,1.077,seed
A,A-2,19,Y-line,LF,300.0,199.2,25.8789,1.5553,1.136,seed
A,A-2,19,Y-line,LF,300.0,201.7,26.2451,1.5773,0.919,seed
A,A-2,19,Y-line,LF,300.0,204.2,26.4893,1.592,0.804,seed
A,A-2,19,Y-line,LF,300.0,206.7,26.7334,1.6067,0.929,seed
A,A-2,19,Y-line,LF,300.0,209.2,27.0996,1.6287,1.028,seed
A,A-2,19,Y-line,LF,300.0,211.7,27.3437,1.6434,0.911,seed
A,A-2,19,Y-line,LF,300.0,214.1,27.71,1.6654,1.059,seed
A,A-2,19,Y-line,LF,300.0,216.6,27.9541,1.68,1.204,seed
A,A-2,19,Y-line,LF,300.0,219.1,28.1982,1.6947,1.199,seed
A,A-2,19,Y-line,LF,300.0,221.6,28.5645,1.7167,1.022,seed
A,A-2,19,Y-line,LF,300.0,224.1,28.8086,1.7314,0.86,seed
A,A-2,19,Y-line,LF,300.0,226.6,29.0527,1.7461,1.241,seed
A,A-2,19,Y-line,LF,300.0,229.1,29.4189,1.7681,0.9,seed
A,A-2,19,Y-line,LF,300.0,231.6,29.6631,1.7828,1.216,seed
A,A-2,19,Y-line,LF,300.0,234.1,29.9072,1.7974,1.109,seed
A,A-2,19,Y-line,LF,300.0,236.6,29.9072,1.7974,1.107,seed
A,A-2,19,Y-line,LF,300.0,239.0,30.1514,1.8121,1.263,seed
A,A-2,22,Y-line,HF,450.0,82.2,11.0474,0.6639,1.639,seed
A,A-2,22,Y-line,HF,450.0,84.7,11.3525,0.6823,0.322,seed
A,A-2,22,Y-line,HF,450.0,87.2,11.5967,0.697,0.648,seed
A,A-2,22,Y-line,HF,450.0,89.6,11.9019,0.7153,1.108,seed
A,A-2,22,Y-line,HF,450.0,92.1,12.207,0.7336,1.551,seed
A,A-2,22,Y-line,HF,450.0,94.6,12.5122,0.752,0.876,seed
A,A-2,22,Y-line,HF,450.0,97.1,12.8174,0.7703,1.494,seed
A,A-2,22,Y-line,HF,450.0,99.6,13.0615,0.785,1.189,seed
A,A-2,22,Y-line,HF,450.0,102.1,13.3667,0.8033,1.286,seed
A,A-2,22,Y-line,HF,450.0,104.6,13.6719,0.8217,1.609,seed
A,A-2,22,Y-line,HF,450.0,107.1,13.9771,0.84,1.172,seed
A,A-2,22,Y-line,HF,450.0,109.6,14.2212,0.8547,1.126,seed
A,A-2,22,Y-line,HF,450.0,112.1,14.5264,0.873,0.463,seed
A,A-2,22,Y-line,HF,450.0,114.5,14.8316,0.8914,0.383,seed
A,A-2,22,Y-line,HF,450.0,117.0,15.1367,0.9097,1.401,seed
A,A-2,22,Y-line,HF,450.0,119.5,15.3809,0.9244,1.807,seed
A,A-2,22,Y-line,HF,450.0,122.0,15.686,0.9427,1.15,seed
A,A-2,22,Y-line,HF,450.0,124.5,15.7471,0.9464,1.978,seed
A,A-2,22,Y-line,HF,450.0,127.0,15.7471,0.9464,2.262,seed
A,A-2,22,Y-line,HF,450.0,129.5,15.7471,0.9464,2.055,seed
A,A-2,22,Y-line,HF,450.0,132.0,15.7471,0.9464,1.787,seed
A,A-2,22,Y-line,HF,450.0,134.5,16.0523,0.9647,0.358,seed
A,A-2,22,Y-line,HF,450.0,137.0,16.3574,0.9831,1.926,seed
A,A-2,22,Y-line,HF,450.0,139.4,16.6626,1.0014,1.117,seed
A,A-2,22,Y-line,HF,450.0,141.9,16.9068,1.0161,0.807,seed
A,A-2,22,Y-line,HF,450.0,144.4,17.2119,1.0344,1.991,seed
A,A-2,22,Y-line,HF,450.0,146.9,17.5171,1.0528,1.169,seed
A,A-2,22,Y-line,HF,450.0,149.4,17.8223,1.0711,0.807,seed
A,A-2,22,Y-line,HF,450.0,151.9,18.0664,1.0858,1.177,seed
A,A-2,22,Y-line,HF,450.0,154.4,18.3716,1.1041,1.262,seed
A,A-2,22,Y-line,HF,450.0,156.9,18.6768,1.1225,0.656,seed
A,A-2,22,Y-line,HF,450.0,159.4,18.9819,1.1408,1.097,seed
A,A-2,22,Y-line,HF,450.0,161.9,19.2871,1.1592,1.64,seed
A,A-2,22,Y-line,HF,450.0,164.3,19.5313,1.1738,1.609,seed
A,A-2,22,Y-line,HF,450.0,166.8,19.5313,1.1738,1.786,seed
A,A-2,22,Y-line,HF,450.0,169.3,19.5313,1.1738,1.55,seed
A,A-2,22,Y-line,HF,450.0,171.8,19.5313,1.1738,1.611,seed
A,A-2,22,Y-line,HF,450.0,174.3,19.7754,1.1885,2.331,seed
A,A-2,22,Y-line,HF,450.0,176.8,20.0806,1.2068,0.959,seed
A,A-2,22,Y-line,HF,450.0,179.3,20.3858,1.2252,0.724,seed
A,A-2,22,Y-line,HF,450.0,181.8,20.6909,1.2435,1.079,seed
A,A-2,22,Y-line,HF,450.0,184.3,20.9351,1.2582,1.205,seed
A,A-2,22,Y-line,HF,450.0,186.8,21.2402,1.2765,0.624,seed
A,A-2,22,Y-line,HF,450.0,189.2,21.5454,1.2949,1.757,seed
A,A-2,22,Y-line,LF,450.0,149.4,20.1416,1.2105,0.719,seed
A,A-2,22,Y-line,LF,450.0,151.9,20.3857,1.2252,0.8,seed
A,A-2,22,Y-line,LF,450.0,154.4,20.752,1.2472,0.996,seed
A,A-2,22,Y-line,LF,450.0,156.9,20.9961,1.2619,1.15,seed
A,A-2,22,Y-line,LF,450.0,159.4,21.2402,1.2765,1.198,seed
A,A-2,22,Y-line,LF,450.0,161.9,21.2402,1.2765,1.142,seed
A,A-2,22,Y-line,LF,450.0,164.3,21.2402,1.2765,1.16,seed
A,A-2,22,Y-line,LF,450.0,166.8,21.6064,1.2985,1.136,seed
A,A-2,22,Y-line,LF,450.0,169.3,21.8506,1.3132,1.09,seed
A,A-2,22,Y-line,LF,450.0,171.8,22.0947,1.3279,1.175,seed
A,A-2,22,Y-line,LF,450.0,174.3,22.0947,1.3279,1.213,seed
A,A-2,22,Y-line,LF,450.0,176.8,22.0947,1.3279,1.213,seed
A,A-2,22,Y-line,LF,450.0,179.3,22.0947,1.3279,1.222,seed
A,A-2,22,Y-line,LF,450.0,181.8,22.0947,1.3279,1.226,seed
A,A-2,22,Y-line,LF,450.0,184.3,22.0947,1.3279,1.238,seed
A,A-2,22,Y-line,LF,450.0,186.8,22.0947,1.3279,1.255,seed
A,A-2,22,Y-line,LF,450.0,189.2,22.4609,1.3499,1.091,seed
A,A-2,22,Y-line,LF,450.0,191.7,22.7051,1.3646,0.999,seed
A,A-2,22,Y-line,LF,450.0,194.2,23.0713,1.3866,0.99,seed
A,A-2,22,Y-line,LF,450.0,196.7,23.3154,1.4013,1.109,seed
A,A-2,22,Y-line,LF,450.0,199.2,23.5596,1.4159,1.318,seed
A,A-2,22,Y-line,LF,450.0,201.7,23.9258,1.4379,1.281,seed
A,A-2,22,Y-line,LF,450.0,204.2,24.1699,1.4526,1.191,seed
A,A-2,22,Y-line,LF,450.0,206.7,24.1699,1.4526,1.147,seed
A,A-2,22,Y-line,LF,450.0,209.2,24.5361,1.4746,1.146,seed
A,A-2,22,Y-line,LF,450.0,211.7,24.7803,1.4893,1.096,seed
A,A-2,22,Y-line,LF,450.0,214.1,25.1465,1.5113,0.872,seed
A,A-2,22,Y-line,LF,450.0,216.6,25.3906,1.526,0.735,seed
A,A-2,22,Y-line,LF,450.0,219.1,25.6348,1.5406,0.87,seed
A,A-2,22,Y-line,LF,450.0,221.6,26.001,1.5627,0.977,seed
A,A-2,22,Y-line,LF,450.0,224.1,26.2451,1.5773,1.1,seed
A,A-2,22,Y-line,LF,450.0,226.6,26.4893,1.592,1.189,seed
A,A-2,22,Y-line,LF,450.0,229.1,26.8555,1.614,1.34,seed
A,A-2,22,Y-line,LF,450.0,231.6,27.0996,1.6287,1.531,seed
A,A-2,22,Y-line,LF,450.0,234.1,27.3437,1.6434,1.681,seed
A,A-2,22,Y-line,LF,450.0,236.6,27.71,1.6654,1.542,seed
A,A-2,22,Y-line,LF,450.0,239.0,27.9541,1.68,1.47,seed
A,A-2,2,X-line,HF,209.2,50.0,7.5684,0.4549,0.783,hunt
A,A-2,2,X-line,HF,211.7,50.0,7.5684,0.4549,0.542,hunt
A,A-2,2,X-line,HF,214.1,50.0,7.5684,0.4549,1.69,hunt
A,A-2,2,X-line,HF,216.6,50.0,7.5684,0.4549,0.891,hunt
A,A-2,2,X-line,HF,219.1,50.0,7.5684,0.4549,1.959,hunt
A,A-2,2,X-line,HF,221.6,50.0,7.5684,0.4549,1.43,hunt
A,A-2,2,X-line,HF,224.1,50.0,7.5684,0.4549,2.036,hunt
A,A-2,2,X-line,HF,226.6,50.0,7.5684,0.4549,1.626,hunt
A,A-2,2,X-line,HF,229.1,50.0,7.5073,0.4512,1.488,hunt
A,A-2,2,X-line,HF,231.6,50.0,7.4463,0.4475,1.607,hunt
A,A-2,2,X-line,HF,234.1,50.0,7.3853,0.4439,1.399,hunt
A,A-2,2,X-line,HF,236.6,50.0,7.3242,0.4402,1.077,hunt
A,A-2,2,X-line,HF,239.0,50.0,7.3242,0.4402,0.98,hunt
A,A-2,2,X-line,HF,241.5,50.0,7.3242,0.4402,1.482,hunt
A,A-2,2,X-line,HF,244.0,50.0,7.3242,0.4402,1.772,hunt
A,A-2,2,X-line,HF,246.5,50.0,7.3242,0.4402,1.691,hunt
A,A-2,2,X-line,HF,249.0,50.0,7.3242,0.4402,1.902,hunt
A,A-2,2,X-line,HF,251.5,50.0,7.3242,0.4402,1.651,hunt
A,A-2,2,X-line,HF,254.0,50.0,7.3242,0.4402,1.445,hunt
A,A-2,2,X-line,HF,256.5,50.0,7.3242,0.4402,2.252,hunt
A,A-2,2,X-line,HF,259.0,50.0,7.3242,0.4402,1.262,hunt
A,A-2,2,X-line,HF,261.5,50.0,7.3242,0.4402,0.385,hunt
A,A-2,2,X-line,HF,263.9,50.0,7.3242,0.4402,1.101,hunt
A,A-2,2,X-line,HF,266.4,50.0,7.3242,0.4402,1.547,hunt
A,A-2,2,X-line,HF,268.9,50.0,7.3242,0.4402,1.746,hunt
A,A-2,2,X-line,HF,303.8,50.0,7.4463,0.4475,1.421,hunt
A,A-2,2,X-line,HF,306.3,50.0,7.4463,0.4475,1.857,hunt
A,A-2,2,X-line,HF,308.8,50.0,7.4463,0.4475,2.06,hunt
A,A-2,2,X-line,HF,311.2,50.0,7.4463,0.4475,2.231,hunt
A,A-2,2,X-line,HF,313.7,50.0,7.4463,0.4475,1.491,hunt
A,A-2,2,X-line,HF,316.2,50.0,7.5073,0.4512,1.161,hunt
A,A-2,2,X-line,HF,318.7,50.0,7.5684,0.4549,0.912,hunt
A,A-2,2,X-line,HF,321.2,50.0,7.6294,0.4585,1.347,hunt
A,A-2,2,X-line,HF,323.7,50.0,7.6904,0.4622,1.432,hunt
A,A-2,2,X-line,HF,326.2,50.0,7.6904,0.4622,1.182,hunt
A,A-2,2,X-line,HF,328.7,50.0,7.6904,0.4622,1.97,hunt
A,A-2,2,X-line,HF,331.2,50.0,7.6904,0.4622,1.841,hunt
A,A-2,2,X-line,HF,333.7,50.0,7.6904,0.4622,1.757,hunt
A,A-2,2,X-line,HF,336.2,50.0,7.6904,0.4622,0.737,hunt
A,A-2,2,X-line,HF,338.6,50.0,7.6904,0.4622,0.79,hunt
A,A-2,2,X-line,HF,341.1,50.0,7.6904,0.4622,0.841,hunt
A,A-2,2,X-line,HF,343.6,50.0,7.6904,0.4622,1.022,hunt
A,A-2,3,X-line,HF,276.4,100.0,13.3057,0.7997,1.847,hunt
A,A-2,3,X-line,HF,278.9,100.0,13.3057,0.7997,1.742,hunt
A,A-2,3,X-line,HF,281.4,100.0,13.3057,0.7997,1.466,hunt
A,A-2,3,X-line,HF,283.9,100.0,13.3057,0.7997,1.652,hunt
A,A-2,3,X-line,HF,286.4,100.0,13.3057,0.7997,1.912,hunt
A,A-2,3,X-line,HF,288.8,100.0,13.3057,0.7997,2.006,hunt
A,A-2,3,X-line,HF,291.3,100.0,13.3057,0.7997,2.174,hunt
A,A-2,3,X-line,HF,293.8,100.0,13.3057,0.7997,2.107,hunt
A,A-2,3,X-line,HF,296.3,100.0,13.3057,0.7997,1.739,hunt
A,A-2,3,X-line,HF,298.8,100.0,13.3057,0.7997,2.036,hunt
A,A-2,3,X-line,HF,301.3,100.0,13.3057,0.7997,1.883,hunt
A,A-2,3,X-line,HF,303.8,100.0,13.3057,0.7997,1.745,hunt
A,A-2,3,X-line,HF,306.3,100.0,13.3057,0.7997,1.404,hunt
A,A-2,3,X-line,HF,308.8,100.0,13.3057,0.7997,1.371,hunt
A,A-2,3,X-line,HF,311.2,100.0,13.3057,0.7997,1.253,hunt
A,A-2,3,X-line,HF,313.7,100.0,13.3057,0.7997,1.209,hunt
A,A-2,3,X-line,HF,316.2,100.0,13.3057,0.7997,1.37,hunt
A,A-2,3,X-line,HF,318.7,100.0,13.3057,0.7997,1.583,hunt
A,A-2,3,X-line,HF,321.2,100.0,13.3057,0.7997,1.541,hunt
A,A-2,3,X-line,HF,323.7,100.0,13.3057,0.7997,1.494,hunt
A,A-2,3,X-line,HF,326.2,100.0,13.3057,0.7997,1.515,hunt
A,A-2,3,X-line,HF,328.7,100.0,13.3057,0.7997,1.703,hunt
A,A-2,3,X-line,HF,331.2,100.0,13.3057,0.7997,1.972,hunt
A,A-2,3,X-line,HF,333.7,100.0,13.3057,0.7997,1.891,hunt
A,A-2,3,X-line,HF,336.2,100.0,13.3057,0.7997,2.205,hunt
A,A-2,3,X-line,HF,338.6,100.0,13.3057,0.7997,2.126,hunt
A,A-2,3,X-line,HF,341.1,100.0,13.3057,0.7997,1.352,hunt
A,A-2,3,X-line,HF,343.6,100.0,13.3057,0.7997,1.295,hunt
A,A-2,3,X-line,HF,346.1,100.0,13.3057,0.7997,1.966,hunt
A,A-2,3,X-line,HF,348.6,100.0,13.3057,0.7997,1.774,hunt
A,A-2,3,X-line,HF,351.1,100.0,13.3057,0.7997,1.815,hunt
A,A-2,3,X-line,HF,353.6,100.0,13.3057,0.7997,1.908,hunt
A,A-2,3,X-line,HF,356.1,100.0,13.3057,0.7997,1.555,hunt
A,A-2,3,X-line,HF,358.6,100.0,13.3057,0.7997,1.739,hunt
A,A-2,3,X-line,HF,361.1,100.0,13.3057,0.7997,1.379,hunt
A,A-2,3,X-line,HF,363.5,100.0,13.3057,0.7997,1.382,hunt
A,A-2,3,X-line,HF,366.0,100.0,13.3057,0.7997,1.639,hunt
A,A-2,3,X-line,HF,368.5,100.0,13.3057,0.7997,1.327,hunt
A,A-2,3,X-line,HF,371.0,100.0,13.3667,0.8033,0.754,hunt
A,A-2,3,X-line,HF,373.5,100.0,13.4277,0.807,1.622,hunt
A,A-2,3,X-line,HF,376.0,100.0,13.4277,0.807,1.926,hunt
A,A-2,3,X-line,HF,378.5,100.0,13.4277,0.807,2.054,hunt
A,A-2,4,X-line,HF,268.9,150.0,18.3106,1.1005,1.721,hunt
A,A-2,4,X-line,HF,271.4,150.0,18.3106,1.1005,1.452,hunt
A,A-2,4,X-line,HF,273.9,150.0,18.3106,1.1005,1.276,hunt
A,A-2,4,X-line,HF,276.4,150.0,18.3106,1.1005,1.317,hunt
A,A-2,4,X-line,HF,278.9,150.0,18.3106,1.1005,1.725,hunt
A,A-2,4,X-line,HF,281.4,150.0,18.3106,1.1005,2.056,hunt
A,A-2,4,X-line,HF,283.9,150.0,18.3106,1.1005,1.762,hunt
A,A-2,4,X-line,HF,286.4,150.0,18.3106,1.1005,1.201,hunt
A,A-2,4,X-line,HF,288.8,150.0,18.3106,1.1005,1.344,hunt
A,A-2,4,X-line,HF,291.3,150.0,18.3106,1.1005,1.522,hunt
A,A-2,4,X-line,HF,293.8,150.0,18.3106,1.1005,1.545,hunt
A,A-2,4,X-line,HF,296.3,150.0,18.3106,1.1005,1.207,hunt
A,A-2,4,X-line,HF,298.8,150.0,18.3106,1.1005,1.964,hunt
A,A-2,4,X-line,HF,301.3,150.0,18.3106,1.1005,1.477,hunt
A,A-2,4,X-line,HF,303.8,150.0,18.3106,1.1005,0.622,hunt
A,A-2,4,X-line,HF,306.3,150.0,18.3106,1.1005,0.909,hunt
A,A-2,4,X-line,HF,308.8,150.0,18.3106,1.1005,0.973,hunt
A,A-2,4,X-line,LF,206.7,150.0,17.8223,1.0711,1.173,hunt
A,A-2,4,X-line,LF,209.2,150.0,17.8223,1.0711,1.271,hunt
A,A-2,4,X-line,LF,211.7,150.0,17.8223,1.0711,1.432,hunt
A,A-2,4,X-line,LF,214.1,150.0,17.8223,1.0711,1.566,hunt
A,A-2,4,X-line,LF,216.6,150.0,17.8223,1.0711,1.555,hunt
A,A-2,4,X-line,LF,219.1,150.0,17.8223,1.0711,1.523,hunt
A,A-2,4,X-line,LF,221.6,150.0,17.8223,1.0711,1.529,hunt
A,A-2,4,X-line,LF,224.1,150.0,17.8223,1.0711,1.574,hunt
A,A-2,4,X-line,LF,226.6,150.0,17.8223,1.0711,1.352,hunt
A,A-2,4,X-line,LF,229.1,150.0,17.7002,1.0638,0.742,hunt
A,A-2,4,X-line,LF,231.6,150.0,17.5781,1.0564,1.142,hunt
A,A-2,4,X-line,LF,234.1,150.0,17.4561,1.0491,1.351,hunt
A,A-2,4,X-line,LF,236.6,150.0,17.334,1.0418,1.386,hunt
A,A-2,4,X-line,LF,239.0,150.0,17.334,1.0418,1.374,hunt
A,A-2,4,X-line,LF,241.5,150.0,17.334,1.0418,1.362,hunt
A,A-2,4,X-line,LF,244.0,150.0,17.334,1.0418,1.358,hunt
A,A-2,4,X-line,LF,246.5,150.0,17.334,1.0418,1.373,hunt
A,A-2,4,X-line,LF,249.0,150.0,17.334,1.0418,1.387,hunt
A,A-2,4,X-line,LF,251.5,150.0,17.334,1.0418,1.315,hunt
A,A-2,14,Y-line,LF,50.0,159.4,19.7754,1.1885,1.244,hunt
A,A-2,14,Y-line,LF,50.0,161.9,20.0195,1.2032,1.256,hunt
A,A-2,14,Y-line,LF,50.0,164.3,20.3857,1.2252,1.245,hunt
A,A-2,14,Y-line,LF,50.0,166.8,20.6299,1.2399,1.293,hunt
A,A-2,14,Y-line,LF,50.0,169.3,20.874,1.2545,1.342,hunt
A,A-2,14,Y-line,LF,50.0,171.8,21.1182,1.2692,1.362,hunt
A,A-2,14,Y-line,LF,50.0,174.3,21.3623,1.2839,1.36,hunt
A,A-2,14,Y-line,LF,50.0,176.8,21.7285,1.3059,1.358,hunt
A,A-2,14,Y-line,LF,50.0,179.3,21.9727,1.3206,1.362,hunt
A,A-2,14,Y-line,LF,50.0,181.8,22.2168,1.3352,1.354,hunt
A,A-2,14,Y-line,LF,50.0,184.3,22.4609,1.3499,1.356,hunt
A,A-2,14,Y-line,LF,50.0,186.8,22.8271,1.3719,1.369,hunt
A,A-2,14,Y-line,LF,50.0,189.2,23.0713,1.3866,1.376,hunt
A,A-2,14,Y-line,LF,50.0,191.7,23.3154,1.4013,1.357,hunt
A,A-2,14,Y-line,LF,50.0,194.2,23.5596,1.4159,1.333,hunt
A,A-2,14,Y-line,LF,50.0,196.7,23.8037,1.4306,1.32,hunt
A,A-2,14,Y-line,LF,50.0,199.2,24.1699,1.4526,1.315,hunt
A,A-2,14,Y-line,LF,50.0,201.7,24.4141,1.4673,1.295,hunt
A,A-2,14,Y-line,LF,50.0,204.2,24.6582,1.482,1.298,hunt
A,A-2,14,Y-line,LF,50.0,206.7,24.9023,1.4966,1.295,hunt
A,A-2,14,Y-line,LF,50.0,209.2,25.2686,1.5186,1.27,hunt
A,A-2,14,Y-line,LF,50.0,211.7,25.5127,1.5333,1.21,hunt
A,A-2,22,Y-line,HF,450.0,94.6,12.6953,0.763,1.599,hunt
A,A-2,22,Y-line,HF,450.0,97.1,12.9395,0.7777,1.563,hunt
A,A-2,22,Y-line,HF,450.0,99.6,13.2446,0.796,0.654,hunt
A,A-2,22,Y-line,HF,450.0,102.1,13.4888,0.8107,1.292,hunt
A,A-2,22,Y-line,HF,450.0,104.6,13.794,0.829,1.784,hunt
A,A-2,22,Y-line,HF,450.0,107.1,14.0381,0.8437,2.275,hunt
A,A-2,22,Y-line,HF,450.0,109.6,14.3433,0.862,0.987,hunt
A,A-2,22,Y-line,HF,450.0,112.1,14.5874,0.8767,1.202,hunt
A,A-2,22,Y-line,HF,450.0,114.5,14.8926,0.895,0.8,hunt
A,A-2,22,Y-line,HF,450.0,117.0,15.1367,0.9097,1.401,hunt
A,A-2,22,Y-line,HF,450.0,119.5,15.3809,0.9244,1.807,hunt
A,A-2,22,Y-line,HF,450.0,122.0,15.686,0.9427,1.15,hunt
A,A-2,22,Y-line,HF,450.0,124.5,15.7471,0.9464,1.978,hunt
A,A-2,22,Y-line,HF,450.0,127.0,15.7471,0.9464,2.262,hunt
A,A-2,22,Y-line,HF,450.0,129.5,15.9912,0.9611,1.903,hunt
A,A-2,22,Y-line,HF,450.0,132.0,16.2964,0.9794,0.485,hunt
A,A-2,22,Y-line,HF,450.0,134.5,16.5405,0.9941,0.819,hunt
A,A-2,22,Y-line,HF,450.0,137.0,16.5405,0.9941,1.344,hunt
