trace_id,vertex,x_cm,y_cm,length_m
1,0,663.4,69.8,2.01
1,1,665.9,74.3,2.01
1,2,667.4,79.7,2.01
1,3,667.8,85.1,2.01
1,4,668.3,90.5,2.01
1,5,669.2,95.9,2.01
1,6,670.6,101.0,2.01
1,7,671.6,106.0,2.01
1,8,671.5,111.0,2.01
1,9,670.3,116.0,2.01
1,10,669.1,121.1,2.01
1,11,664.6,123.5,2.01
1,12,659.6,125.2,2.01
1,13,654.6,126.9,2.01
1,14,649.6,128.9,2.01
1,15,644.5,131.0,2.01
1,16,639.4,132.4,2.01
1,17,634.3,133.7,2.01
1,18,629.2,135.1,2.01
1,19,624.0,136.8,2.01
1,20,618.9,138.5,2.01
1,21,613.8,140.3,2.01
1,22,608.7,141.2,2.01
1,23,603.3,142.1,2.01
1,24,598.3,142.5,2.01
1,25,593.2,143.5,2.01
1,26,588.2,145.2,2.01
1,27,583.1,147.3,2.01
1,28,578.5,149.3,2.01
1,29,575.0,153.2,2.01
1,30,571.6,157.2,2.01
1,31,568.7,162.1,2.01
1,32,564.8,165.6,2.01
1,33,560.1,168.2,2.01
1,34,555.4,170.3,2.01
1,35,550.6,172.0,2.01
1,36,545.2,173.4,2.01
1,37,540.9,176.4,2.01
1,38,541.2,181.7,2.01
2,0,532.8,500.3,1.86
2,1,530.7,495.7,1.86
2,2,532.4,490.7,1.86
2,3,533.4,485.7,1.86
2,4,535.1,480.7,1.86
2,5,535.5,476.9,1.86
2,6,536.6,473.5,1.86
2,7,537.0,468.4,1.86
2,8,537.3,463.3,1.86
2,9,537.1,458.3,1.86
2,10,538.1,453.2,1.86
2,11,538.4,447.6,1.86
2,12,538.8,441.7,1.86
2,13,539.9,436.8,1.86
2,14,540.3,430.9,1.86
2,15,540.7,425.0,1.86
2,16,541.1,419.1,1.86
2,17,541.6,413.2,1.86
2,18,542.0,407.4,1.86
2,19,543.0,401.5,1.86
2,20,544.1,396.5,1.86
2,21,545.2,391.6,1.86
2,22,545.6,385.7,1.86
2,23,547.9,380.7,1.86
2,24,550.7,375.7,1.86
2,25,552.9,370.6,1.86
2,26,554.7,365.6,1.86
2,27,556.0,360.6,1.86
2,28,556.8,355.6,1.86
2,29,558.1,350.6,1.86
2,30,561.3,346.4,1.86
2,31,563.7,342.0,1.86
2,32,564.6,339.8,1.86
2,33,565.5,338.5,1.86
2,34,568.3,334.1,1.86
2,35,571.1,329.9,1.86
2,36,573.9,325.7,1.86
2,37,574.8,324.0,1.86
3,0,574.0,262.8,1.85
3,1,572.4,262.6,1.85
3,2,567.8,260.3,1.85
3,3,563.1,258.0,1.85
3,4,558.5,255.4,1.85
3,5,553.8,253.1,1.85
3,6,538.1,245.2,1.85
3,7,533.6,242.9,1.85
3,8,528.5,241.4,1.85
3,9,523.4,240.8,1.85
3,10,518.3,239.8,1.85
3,11,513.2,238.7,1.85
3,12,508.2,238.1,1.85
3,13,506.9,237.7,1.85
3,14,501.9,236.7,1.85
3,15,496.7,235.8,1.85
3,16,491.7,234.9,1.85
3,17,486.7,233.2,1.85
3,18,482.7,229.8,1.85
3,19,478.7,226.0,1.85
3,20,474.7,222.2,1.85
3,21,471.3,218.0,1.85
3,22,467.8,214.2,1.85
3,23,463.3,210.9,1.85
3,24,459.8,207.0,1.85
3,25,458.4,201.9,1.85
3,26,454.9,198.1,1.85
3,27,449.9,196.8,1.85
3,28,444.8,196.2,1.85
3,29,439.8,195.6,1.85
3,30,434.6,193.4,1.85
3,31,429.5,191.2,1.85
3,32,425.3,188.1,1.85
3,33,420.5,185.9,1.85
3,34,417.4,181.6,1.85
3,35,416.8,180.9,1.85
4,0,34.4,695.7,1.81
4,1,36.9,691.0,1.81
4,2,41.5,687.9,1.81
4,3,45.7,685.3,1.81
4,4,67.0,677.3,1.81
4,5,72.1,675.6,1.81
4,6,77.1,673.0,1.81
4,7,82.0,671.3,1.81
4,8,85.5,667.7,1.81
4,9,81.0,664.7,1.81
4,10,75.8,663.8,1.81
4,11,70.8,666.0,1.81
4,12,65.7,667.1,1.81
4,13,60.6,667.7,1.81
4,14,55.5,668.8,1.81
4,15,50.4,668.9,1.81
4,16,48.3,668.5,1.81
4,17,36.7,671.2,1.81
4,18,33.3,672.3,1.81
4,19,28.2,672.9,1.81
4,20,23.7,675.5,1.81
4,21,18.8,676.7,1.81
4,22,13.6,677.4,1.81
4,23,8.8,679.1,1.81
4,24,3.9,680.3,1.81
4,25,0.1,683.9,1.81
4,26,-14.6,663.0,1.81
4,27,-20.0,663.1,1.81
5,0,626.3,255.3,1.72
5,1,622.1,255.4,1.72
5,2,616.8,255.8,1.72
5,3,611.5,255.7,1.72
5,4,606.1,256.6,1.72
5,5,601.3,258.4,1.72
5,6,596.4,259.8,1.72
5,7,591.1,260.8,1.72
5,8,585.8,261.5,1.72
5,9,580.4,262.1,1.72
5,10,575.1,262.8,1.72
5,11,572.7,267.4,1.72
5,12,572.0,272.6,1.72
5,13,571.7,277.7,1.72
5,14,571.4,282.9,1.72
5,15,570.6,287.9,1.72
5,16,567.3,291.8,1.72
5,17,562.5,293.6,1.72
5,18,557.7,295.8,1.72
5,19,552.4,296.8,1.72
5,20,547.4,298.6,1.72
5,21,542.2,299.8,1.72
5,22,537.1,300.7,1.72
5,23,532.0,302.2,1.72
5,24,526.8,303.8,1.72
5,25,521.7,304.8,1.72
5,26,497.9,310.9,1.72
5,27,496.3,311.5,1.72
5,28,491.5,313.2,1.72
5,29,486.7,314.9,1.72
5,30,481.5,316.5,1.72
6,0,441.9,331.1,1.70
6,1,436.5,331.0,1.70
6,2,431.1,331.1,1.70
6,3,428.4,335.4,1.70
6,4,427.1,340.4,1.70
6,5,427.6,345.5,1.70
6,6,426.6,355.5,1.70
6,7,426.3,357.8,1.70
6,8,426.6,362.9,1.70
6,9,426.5,367.9,1.70
6,10,428.5,372.9,1.70
6,11,431.8,377.4,1.70
6,12,435.5,381.4,1.70
6,13,453.3,410.6,1.70
6,14,453.9,412.6,1.70
6,15,455.5,417.8,1.70
6,16,457.7,423.4,1.70
6,17,458.3,428.5,1.70
6,18,460.2,439.9,1.70
6,19,460.8,445.0,1.70
6,20,462.5,450.1,1.70
6,21,464.6,455.7,1.70
6,22,466.8,461.3,1.70
6,23,468.9,466.9,1.70
6,24,471.0,471.7,1.70
6,25,473.2,476.6,1.70
6,26,474.2,477.9,1.70
7,0,255.2,36.8,1.67
7,1,256.7,36.9,1.67
7,2,261.9,36.6,1.67
7,3,267.0,36.7,1.67
7,4,272.1,36.7,1.67
7,5,277.3,36.4,1.67
7,6,282.4,36.7,1.67
7,7,287.3,38.9,1.67
7,8,292.3,40.6,1.67
7,9,297.4,42.3,1.67
7,10,302.3,44.4,1.67
7,11,307.3,46.6,1.67
7,12,312.3,48.3,1.67
7,13,317.3,50.0,1.67
7,14,322.3,52.1,1.67
7,15,327.2,54.3,1.67
7,16,357.6,57.5,1.67
7,17,360.0,58.4,1.67
7,18,365.2,58.2,1.67
7,19,370.6,58.7,1.67
7,20,376.1,58.8,1.67
7,21,381.4,59.5,1.67
7,22,386.9,59.6,1.67
7,23,392.2,60.3,1.67
7,24,397.2,59.8,1.67
7,25,402.1,62.0,1.67
7,26,406.1,65.7,1.67
7,27,410.1,69.3,1.67
7,28,414.1,72.9,1.67
8,0,331.1,180.1,1.44
8,1,329.4,178.2,1.44
8,2,324.1,177.0,1.44
8,3,318.9,175.4,1.44
8,4,313.6,173.7,1.44
8,5,308.8,171.0,1.44
8,6,304.1,168.0,1.44
8,7,299.9,165.0,1.44
8,8,294.9,163.3,1.44
8,9,289.9,161.2,1.44
8,10,285.0,159.0,1.44
8,11,280.1,156.8,1.44
8,12,275.0,155.1,1.44
8,13,270.1,153.0,1.44
8,14,265.0,151.3,1.44
8,15,260.1,149.1,1.44
8,16,255.1,147.4,1.44
8,17,250.1,145.3,1.44
8,18,245.1,143.6,1.44
8,19,218.0,139.3,1.44
8,20,212.8,139.6,1.44
8,21,207.7,139.5,1.44
8,22,202.6,139.5,1.44
8,23,197.3,140.2,1.44
8,24,195.3,140.1,1.44
9,0,340.6,800.0,1.31
9,1,341.2,800.0,1.31
9,2,341.3,811.8,1.31
9,3,334.8,800.0,1.31
9,4,328.9,800.0,1.31
9,5,330.0,811.9,1.31
9,6,324.6,812.0,1.31
9,7,319.2,812.5,1.31
9,8,313.9,812.9,1.31
9,9,308.5,813.0,1.31
9,10,303.1,812.6,1.31
9,11,297.8,813.5,1.31
9,12,292.4,814.4,1.31
9,13,269.4,819.0,1.31
9,14,264.0,817.7,1.31
9,15,259.6,814.7,1.31
9,16,255.3,800.0,1.31
10,0,581.6,509.7,1.19
10,1,579.1,514.9,1.19
10,2,578.4,520.0,1.19
10,3,577.6,525.5,1.19
10,4,576.4,530.5,1.19
10,5,571.4,530.8,1.19
10,6,566.3,531.5,1.19
10,7,561.3,531.7,1.19
10,8,556.2,533.5,1.19
10,9,551.6,536.4,1.19
10,10,546.7,538.1,1.19
10,11,541.7,539.8,1.19
10,12,536.6,538.2,1.19
10,13,532.0,534.9,1.19
10,14,526.9,532.8,1.19
10,15,523.6,528.8,1.19
10,16,521.4,524.2,1.19
10,17,520.6,518.9,1.19
10,18,516.6,515.5,1.19
10,19,511.6,514.6,1.19
10,20,507.0,511.2,1.19
10,21,501.9,509.2,1.19
10,22,496.6,509.2,1.19
10,23,495.1,509.2,1.19
11,0,615.4,178.2,1.18
11,1,610.3,176.7,1.18
11,2,605.2,176.5,1.18
11,3,600.1,175.8,1.18
11,4,598.1,175.1,1.18
11,5,597.1,173.5,1.18
11,6,591.7,174.2,1.18
11,7,586.2,173.3,1.18
11,8,581.3,174.4,1.18
11,9,576.4,176.8,1.18
11,10,571.1,177.7,1.18
11,11,565.8,177.8,1.18
11,12,561.0,179.9,1.18
11,13,556.3,182.0,1.18
11,14,551.0,182.1,1.18
11,15,548.1,182.2,1.18
11,16,548.2,183.4,1.18
11,17,543.1,182.0,1.18
11,18,538.1,183.0,1.18
11,19,533.1,183.2,1.18
11,20,527.5,183.4,1.18
11,21,522.5,181.5,1.18
11,22,517.5,182.5,1.18
11,23,514.5,184.7,1.18
11,24,513.3,185.1,1.18
11,25,508.4,186.9,1.18
11,26,503.5,187.9,1.18
12,0,86.2,667.1,1.06
12,1,89.7,666.5,1.06
12,2,94.7,664.3,1.06
12,3,100.2,663.1,1.06
12,4,105.1,661.7,1.06
12,5,109.5,658.9,1.06
12,6,113.4,655.6,1.06
12,7,117.8,652.7,1.06
12,8,123.2,653.3,1.06
12,9,128.6,653.9,1.06
12,10,133.6,655.0,1.06
12,11,139.0,655.1,1.06
12,12,144.4,653.7,1.06
12,13,165.6,646.3,1.06
12,14,170.3,645.5,1.06
12,15,175.4,643.6,1.06
12,16,180.5,641.7,1.06
12,17,183.1,646.5,1.06
13,0,640.0,33.8,0.98
13,1,640.1,35.6,0.98
13,2,640.2,40.8,0.98
13,3,643.8,44.5,0.98
13,4,644.2,49.9,0.98
13,5,645.2,55.3,0.98
13,6,646.2,60.6,0.98
13,7,647.1,66.0,0.98
13,8,648.1,71.4,0.98
13,9,648.5,76.8,0.98
13,10,646.7,81.6,0.98
13,11,642.5,84.9,0.98
13,12,640.3,89.6,0.98
13,13,636.4,93.8,0.98
13,14,632.9,95.4,0.98
13,15,628.9,99.7,0.98
13,16,623.5,100.4,0.98
13,17,618.1,100.9,0.98
13,18,612.8,101.0,0.98
13,19,607.4,100.8,0.98
14,0,374.6,140.6,0.97
14,1,369.7,138.5,0.97
14,2,364.7,136.3,0.97
14,3,359.7,134.6,0.97
14,4,354.7,132.9,0.97
14,5,349.7,130.7,0.97
14,6,344.8,128.6,0.97
14,7,339.8,126.4,0.97
14,8,334.9,124.3,0.97
14,9,329.9,122.6,0.97
14,10,326.9,121.4,0.97
14,11,310.8,115.6,0.97
14,12,305.8,113.9,0.97
14,13,300.8,111.7,0.97
14,14,295.9,109.6,0.97
14,15,290.9,107.9,0.97
14,16,285.8,106.2,0.97
14,17,284.4,105.3,0.97
15,0,403.9,191.2,0.92
15,1,399.2,193.7,0.92
15,2,394.0,192.0,0.92
15,3,388.7,190.4,0.92
15,4,383.5,188.8,0.92
15,5,378.2,187.5,0.92
15,6,373.0,186.3,0.92
15,7,367.8,185.1,0.92
15,8,362.5,183.4,0.92
15,9,357.3,182.6,0.92
15,10,352.1,182.6,0.92
15,11,346.8,181.8,0.92
15,12,341.6,181.0,0.92
15,13,336.4,180.1,0.92
15,14,331.2,180.5,0.92
15,15,327.8,184.8,0.92
15,16,322.6,185.6,0.92
15,17,317.3,186.0,0.92
15,18,316.8,185.9,0.92
16,0,351.9,238.0,0.92
16,1,355.5,238.9,0.92
16,2,360.6,240.8,0.92
16,3,365.7,242.7,0.92
16,4,370.8,244.6,0.92
16,5,375.7,246.1,0.92
16,6,380.8,248.0,0.92
16,7,384.0,252.3,0.92
16,8,382.0,257.0,0.92
16,9,382.2,262.0,0.92
16,10,381.1,267.2,0.92
16,11,378.8,271.7,0.92
16,12,365.5,288.7,0.92
16,13,364.0,291.6,0.92
16,14,360.8,295.7,0.92
16,15,357.6,299.6,0.92
17,0,456.6,198.3,0.89
17,1,460.5,197.7,0.89
17,2,466.0,197.3,0.89
17,3,471.5,197.3,0.89
17,4,477.1,197.3,0.89
17,5,482.5,196.6,0.89
17,6,487.4,195.4,0.89
17,7,492.9,194.6,0.89
17,8,497.8,192.7,0.89
17,9,503.0,192.0,0.89
17,10,521.2,180.4,0.89
17,11,525.3,176.6,0.89
17,12,530.9,175.9,0.89
17,13,536.5,175.7,0.89
17,14,540.2,175.2,0.89
18,0,621.3,598.3,0.89
18,1,623.1,593.4,0.89
18,2,627.1,589.4,0.89
18,3,631.0,585.4,0.89
18,4,635.0,582.3,0.89
18,5,636.8,577.0,0.89
18,6,640.1,572.6,0.89
18,7,644.0,569.5,0.89
18,8,649.6,570.3,0.89
18,9,654.9,571.1,0.89
18,10,660.2,571.9,0.89
18,11,662.2,575.0,0.89
18,12,668.3,574.9,0.89
18,13,671.6,573.0,0.89
18,14,676.8,573.9,0.89
18,15,682.1,574.9,0.89
18,16,685.5,579.1,0.89
18,17,688.0,583.8,0.89
19,0,704.0,597.9,0.78
19,1,701.7,593.1,0.78
19,2,699.4,588.3,0.78
19,3,691.8,590.6,0.78
19,4,688.0,586.9,0.78
19,5,682.8,586.9,0.78
19,6,678.7,590.0,0.78
19,7,673.4,589.4,0.78
19,8,668.7,587.5,0.78
19,9,666.2,582.8,0.78
19,10,663.7,578.5,0.78
19,11,667.9,575.3,0.78
19,12,671.8,578.8,0.78
19,13,676.1,581.7,0.78
19,14,680.0,585.4,0.78
19,15,681.4,586.9,0.78
20,0,180.5,641.2,0.76
20,1,180.9,640.6,0.76
20,2,181.5,635.2,0.76
20,3,182.6,630.3,0.76
20,4,182.8,624.9,0.76
20,5,183.1,619.5,0.76
20,6,183.4,614.1,0.76
20,7,183.4,608.7,0.76
20,8,182.8,585.4,0.76
20,9,183.3,580.2,0.76
20,10,183.1,575.1,0.76
20,11,182.5,570.0,0.76
20,12,182.8,565.9,0.76
21,0,592.6,543.0,0.76
21,1,588.8,539.5,0.76
21,2,587.1,544.5,0.76
21,3,588.9,549.8,0.76
21,4,593.1,552.6,0.76
21,5,597.3,555.4,0.76
21,6,602.2,556.5,0.76
21,7,607.4,556.8,0.76
21,8,612.5,557.6,0.76
21,9,617.7,558.3,0.76
21,10,622.8,558.6,0.76
21,11,628.0,559.7,0.76
21,12,633.1,561.7,0.76
21,13,637.7,565.1,0.76
21,14,642.0,568.6,0.76
21,15,643.4,569.5,0.76
22,0,391.7,800.0,0.75
22,1,396.9,800.0,0.75
22,2,403.4,800.0,0.75
22,3,408.8,800.0,0.75
22,4,414.8,800.0,0.75
22,5,420.2,800.0,0.75
22,6,426.9,800.0,0.75
22,7,433.0,800.0,0.75
22,8,442.7,796.8,0.75
22,9,447.5,794.6,0.75
22,10,452.7,793.9,0.75
22,11,457.9,793.2,0.75
22,12,463.2,793.1,0.75
22,13,465.1,794.2,0.75
23,0,646.1,645.2,0.72
23,1,646.8,645.1,0.72
23,2,652.2,646.4,0.72
23,3,657.4,647.9,0.72
23,4,662.6,648.5,0.72
23,5,668.1,649.1,0.72
23,6,673.1,647.5,0.72
23,7,678.4,646.3,0.72
23,8,676.6,651.3,0.72
23,9,673.6,655.6,0.72
23,10,670.7,659.9,0.72
23,11,668.7,661.9,0.72
23,12,664.4,664.0,0.72
23,13,661.5,668.3,0.72
23,14,659.0,673.3,0.72
23,15,658.0,678.4,0.72
24,0,298.9,225.5,0.68
24,1,294.0,223.9,0.68
24,2,288.8,222.7,0.68
24,3,283.9,221.2,0.68
24,4,278.7,219.9,0.68
24,5,273.5,218.7,0.68
24,6,268.7,217.2,0.68
24,7,263.5,216.0,0.68
24,8,258.3,214.7,0.68
24,9,253.1,213.5,0.68
24,10,247.9,212.3,0.68
24,11,242.7,211.0,0.68
24,12,237.3,209.4,0.68
24,13,232.8,208.6,0.68
25,0,254.8,245.5,0.60
25,1,249.5,244.1,0.60
25,2,244.2,243.0,0.60
25,3,238.9,241.9,0.60
25,4,233.6,240.8,0.60
25,5,228.3,239.7,0.60
25,6,223.1,238.6,0.60
25,7,218.1,237.7,0.60
25,8,212.8,237.4,0.60
25,9,207.4,237.2,0.60
25,10,202.1,237.0,0.60
25,11,196.8,237.5,0.60
25,12,195.5,238.0,0.60
26,0,614.3,753.5,0.58
26,1,616.7,749.1,0.58
26,2,617.2,744.1,0.58
26,3,616.6,739.2,0.58
26,4,619.6,735.0,0.58
26,5,624.6,734.0,0.58
26,6,627.0,738.6,0.58
26,7,628.8,741.4,0.58
26,8,630.5,751.7,0.58
26,9,629.8,756.8,0.58
26,10,630.8,761.9,0.58
26,11,630.7,765.7,0.58
27,0,584.6,795.4,0.45
27,1,589.3,793.3,0.45
27,2,593.5,790.6,0.45
27,3,597.3,787.2,0.45
27,4,600.7,783.2,0.45
27,5,603.6,778.5,0.45
27,6,607.4,774.4,0.45
27,7,611.2,771.0,0.45
27,8,615.4,767.9,0.45
27,9,618.2,766.3,0.45
28,0,495.8,514.6,0.45
28,1,494.6,509.2,0.45
28,2,489.6,507.9,0.45
28,3,484.6,506.0,0.45
28,4,479.6,504.1,0.45
28,5,476.0,500.5,0.45
28,6,475.8,495.3,0.45
28,7,474.7,490.4,0.45
28,8,473.5,485.4,0.45
28,9,471.4,482.9,0.45
29,0,114.2,446.2,0.45
29,1,114.0,441.1,0.45
29,2,114.3,435.9,0.45
29,3,114.6,430.8,0.45
29,4,115.1,425.1,0.45
29,5,115.1,419.6,0.45
29,6,116.1,414.0,0.45
29,7,115.0,409.1,0.45
29,8,111.3,405.5,0.45
29,9,109.6,404.1,0.45
30,0,574.5,810.0,0.40
30,1,569.5,800.0,0.40
30,2,575.4,800.0,0.40
30,3,580.7,800.0,0.40
30,4,584.6,796.8,0.40
30,5,579.6,794.8,0.40
30,6,574.6,793.8,0.40
30,7,572.3,793.2,0.40
31,0,191.8,305.7,0.37
31,1,188.1,302.1,0.37
31,2,183.4,299.5,0.37
31,3,179.1,296.7,0.37
31,4,174.4,294.8,0.37
31,5,169.4,293.8,0.37
31,6,164.7,291.9,0.37
31,7,160.0,289.7,0.37
31,8,159.3,289.4,0.37
32,0,119.5,617.3,0.35
32,1,118.6,622.4,0.35
32,2,117.6,627.5,0.35
32,3,116.7,632.5,0.35
32,4,116.7,638.0,0.35
32,5,116.7,643.3,0.35
32,6,116.7,648.7,0.35
32,7,116.3,652.4,0.35
33,0,697.9,253.5,0.30
33,1,692.7,252.8,0.30
33,2,687.3,252.9,0.30
33,3,681.9,253.2,0.30
33,4,676.5,253.3,0.30
33,5,671.1,253.2,0.30
33,6,668.3,252.7,0.30
34,0,497.6,485.3,0.29
34,1,492.2,485.2,0.29
34,2,488.1,481.8,0.29
34,3,483.1,479.7,0.29
34,4,478.2,478.4,0.29
34,5,473.3,479.6,0.29
34,6,471.4,482.0,0.29
35,0,-7.3,699.8,0.28
35,1,-3.0,696.7,0.28
35,2,7.4,714.1,0.28
35,3,10.2,713.7,0.28
36,0,634.1,708.5,0.28
36,1,630.1,712.3,0.28
36,2,626.8,716.2,0.28
36,3,624.2,720.9,0.28
36,4,623.7,726.2,0.28
36,5,624.2,731.1,0.28
36,6,623.9,733.2,0.28
37,0,405.8,228.7,0.28
37,1,406.3,223.4,0.28
37,2,406.8,218.1,0.28
37,3,407.3,212.9,0.28
37,4,407.8,207.6,0.28
37,5,405.9,202.8,0.28
37,6,404.7,202.1,0.28
38,0,578.2,199.1,0.26
38,1,574.2,195.5,0.26
38,2,568.9,195.2,0.26
38,3,563.6,194.9,0.26
38,4,558.7,193.0,0.26
38,5,554.7,191.4,0.26
39,0,627.6,638.7,0.25
39,1,623.1,635.7,0.25
39,2,621.5,631.0,0.25
39,3,621.5,625.9,0.25
39,4,620.9,620.4,0.25
39,5,620.3,616.0,0.25
