block,l1,l2,r_nominal,r_best,shift_cm
A,1,13,0.1086,0.4441,17.43
A,1,14,0.3618,0.6754,12.45
A,1,15,0.5857,0.6557,7.47
A,1,16,0.5192,0.6218,4.98
A,1,17,0.1067,0.5968,7.47
A,1,18,0.4012,0.7204,2.49
A,1,19,0.4521,0.6593,4.98
A,1,20,0.5507,0.5507,0.0
A,1,21,0.6113,0.6623,2.49
A,1,22,0.5326,0.5326,0.0
A,1,23,0.6072,0.6072,0.0
A,2,13,0.509,0.5878,-12.45
A,2,14,0.5587,0.5722,-2.49
A,2,15,0.2446,0.2883,-2.49
A,2,16,-0.1522,0.0514,9.96
A,2,17,0.396,0.463,4.98
A,2,18,0.322,0.5633,-19.92
A,2,19,-0.0731,0.6643,9.96
A,2,20,0.5122,0.5519,2.49
A,2,21,0.2899,0.7042,4.98
A,2,22,0.3717,0.711,17.43
A,2,23,0.1876,0.6153,17.43
A,3,13,0.6259,0.6641,-19.92
A,3,14,0.6168,0.7634,19.92
A,3,15,0.0658,0.5009,9.96
A,3,16,0.4645,0.5742,-4.98
A,3,17,0.0646,0.6893,7.47
A,3,18,0.0371,0.5749,19.92
A,3,19,0.1893,0.5015,17.43
A,3,20,0.51,0.6046,-17.43
A,3,21,0.1335,0.3914,-7.47
A,3,22,0.2512,0.3708,17.43
A,3,23,0.1801,0.4478,7.47
A,4,13,0.245,0.5776,2.49
A,4,14,0.4298,0.5194,7.47
A,4,15,0.1633,0.4236,19.92
A,4,16,0.3074,0.6011,2.49
A,4,17,0.0764,0.4623,14.94
A,4,18,0.333,0.6401,-7.47
A,4,19,-0.0401,0.589,14.94
A,4,20,0.2911,0.5339,-14.94
A,4,21,0.4825,0.5086,-2.49
A,4,22,0.0898,0.5651,-4.98
A,4,23,0.2962,0.3861,-2.49
A,5,13,0.2812,0.5167,14.94
A,5,14,0.1745,0.6392,-14.94
A,5,15,0.2286,0.5764,12.45
A,5,16,0.3667,0.542,19.92
A,5,17,0.3754,0.6656,2.49
A,5,18,0.7023,0.7023,0.0
A,5,19,0.3804,0.6089,-17.43
A,5,20,0.3906,0.6269,-12.45
A,5,21,0.4074,0.6717,-9.96
A,5,22,0.7255,0.7314,2.49
A,5,23,0.2507,0.3822,-7.47
A,6,13,0.4871,0.52,12.45
A,6,14,0.3931,0.6211,-9.96
A,6,15,0.5437,0.597,9.96
A,6,16,0.1214,0.7205,7.47
A,6,17,0.1899,0.5791,-14.94
A,6,18,0.2741,0.6293,-17.43
A,6,19,0.4949,0.5809,-19.92
A,6,20,0.4288,0.5885,2.49
A,6,21,0.2531,0.6286,-17.43
A,6,22,0.4702,0.5239,2.49
A,6,23,0.2923,0.5701,-19.92
A,7,13,0.4573,0.4918,2.49
A,7,14,0.3145,0.6125,-9.96
A,7,15,0.2731,0.5272,-19.92
A,7,16,0.3114,0.5919,-14.94
A,7,17,0.0893,0.7475,7.47
A,7,18,0.4101,0.7021,-19.92
A,7,19,0.5167,0.7297,-2.49
A,7,20,0.3515,0.5017,-17.43
A,7,21,0.5685,0.8163,-17.43
A,7,22,0.4273,0.8353,17.43
A,7,23,0.0867,0.5157,9.96
A,8,13,0.5368,0.72,-7.47
A,8,14,0.2096,0.6013,14.94
A,8,15,0.1875,0.5181,-9.96
A,8,16,0.2405,0.5406,-17.43
A,8,17,0.2773,0.7331,-9.96
A,8,18,0.3808,0.6233,17.43
A,8,19,0.342,0.5237,-9.96
A,8,20,0.536,0.6703,-2.49
A,8,21,0.2799,0.4264,-12.45
A,8,22,0.3241,0.7742,-17.43
A,8,23,0.0956,0.6514,4.98
A,9,13,0.3555,0.5453,-17.43
A,9,14,0.1386,0.7658,-19.92
A,9,15,0.5023,0.5289,-2.49
A,9,16,0.34,0.6491,-14.94
A,9,17,0.508,0.7941,-2.49
A,9,18,0.5163,0.5419,2.49
A,9,19,0.0713,0.6455,12.45
A,9,20,0.431,0.5682,2.49
A,9,21,0.1716,0.55,12.45
A,9,22,0.5035,0.5158,4.98
A,9,23,0.505,0.5826,-14.94
A,10,13,0.3325,0.5376,-19.92
A,10,14,0.3872,0.5283,17.43
A,10,15,0.2679,0.6927,14.94
A,10,16,0.3459,0.5939,-7.47
A,10,17,0.5295,0.5295,0.0
A,10,18,0.287,0.6703,2.49
A,10,19,0.4438,0.5474,-2.49
A,10,20,0.3793,0.6059,-7.47
A,10,21,0.3637,0.557,-4.98
A,10,22,0.4058,0.5561,17.43
A,10,23,0.5016,0.6274,4.98
A,11,13,0.3865,0.5234,-19.92
A,11,14,0.4481,0.6097,-4.98
A,11,15,0.1699,0.6582,-17.43
A,11,16,0.4171,0.5573,-19.92
A,11,17,0.5311,0.7546,2.49
A,11,18,0.5983,0.6208,2.49
A,11,19,0.4796,0.4859,2.49
A,11,20,0.0437,0.5424,-9.96
A,11,21,0.3584,0.6126,-12.45
A,11,22,0.5127,0.5496,4.98
A,11,23,0.3985,0.5429,-2.49
A,11,24,0.3471,0.425,-12.45
A,12,22,0.3435,0.6406,-4.98
B,1,14,0.5035,0.5787,2.49
B,1,15,0.4405,0.4405,0.0
B,1,16,0.5757,0.5877,4.98
B,1,17,0.4878,0.6364,2.49
B,1,18,0.6368,0.6368,0.0
B,1,19,0.3209,0.4436,17.43
B,1,20,0.443,0.6158,7.47
B,1,21,0.6668,0.7514,2.49
B,1,22,0.5455,0.5455,0.0
B,1,23,0.0937,0.5467,7.47
B,1,24,0.4342,0.5554,17.43
B,1,25,0.4429,0.5746,12.45
B,1,26,0.4279,0.5407,12.45
B,1,27,0.376,0.4286,9.96
B,1,28,0.729,0.8571,7.47
B,1,29,0.7408,0.8045,4.98
B,1,30,0.6039,0.7778,7.47
B,1,31,0.5334,0.7151,4.98
B,1,32,0.4947,0.6385,4.98
B,1,33,0.366,0.6522,2.49
B,2,14,0.4207,0.6485,9.96
B,2,15,0.4189,0.7435,-4.98
B,2,16,0.4456,0.6638,-17.43
B,2,17,0.541,0.8541,-4.98
B,2,18,0.5485,0.812,-4.98
B,2,19,0.3649,0.6604,-4.98
B,2,20,0.6581,0.734,-4.98
B,2,21,0.4969,0.5998,-2.49
B,2,22,0.3937,0.591,-2.49
B,2,23,0.6248,0.6248,0.0
B,2,24,0.2488,0.5791,19.92
B,2,25,0.4448,0.6136,-2.49
B,2,26,0.1497,0.6162,12.45
B,2,27,0.4718,0.693,-2.49
B,2,28,0.6718,0.8341,-2.49
B,2,29,0.8585,0.902,-2.49
B,2,30,0.7511,0.7511,0.0
B,2,31,0.6326,0.8828,-2.49
B,2,32,0.0068,0.6596,-7.47
B,2,33,0.1319,0.7751,-12.45
B,3,14,0.6743,0.6743,0.0
B,3,15,0.4719,0.6713,-4.98
B,3,16,0.5061,0.5388,-2.49
B,3,17,0.6559,0.6592,-2.49
B,3,18,0.6911,0.6911,0.0
B,3,19,0.1833,0.7236,14.94
B,3,20,0.7124,0.7124,0.0
B,3,21,0.5373,0.7027,-2.49
B,3,22,0.6897,0.7148,-12.45
B,3,23,0.317,0.6288,-9.96
B,3,24,0.4159,0.7425,12.45
B,3,25,0.2936,0.3961,-9.96
B,3,26,0.4015,0.5239,4.98
B,3,27,0.5264,0.6655,-4.98
B,3,28,0.6489,0.7537,-2.49
B,3,29,0.7679,0.8498,2.49
B,3,30,0.9093,0.9126,-2.49
B,3,31,0.5871,0.5871,0.0
B,3,32,0.094,0.3113,4.98
B,3,33,0.4212,0.8198,-9.96
B,4,14,0.3531,0.59,4.98
B,4,15,0.5208,0.684,-2.49
B,4,16,0.5625,0.5625,0.0
B,4,17,0.4554,0.6628,9.96
B,4,18,0.5405,0.6552,-2.49
B,4,19,0.5972,0.6515,19.92
B,4,20,0.2774,0.4546,-7.47
B,4,21,0.5561,0.6132,4.98
B,4,22,0.5315,0.5589,-19.92
B,4,23,0.2341,0.6505,-4.98
B,4,24,0.5191,0.5229,-12.45
B,4,25,0.2252,0.6151,-4.98
B,4,26,0.5567,0.5567,0.0
B,4,27,0.7118,0.7118,0.0
B,4,28,0.6783,0.8038,-2.49
B,4,29,0.2852,0.6484,9.96
B,4,30,0.8342,0.8983,-4.98
B,4,31,0.6959,0.7956,4.98
B,4,32,0.4675,0.5578,2.49
B,4,33,0.3307,0.6996,-9.96
B,5,14,0.2269,0.3603,-17.43
B,5,15,0.4811,0.6197,2.49
B,5,16,0.1961,0.5353,4.98
B,5,17,0.5029,0.6032,17.43
B,5,18,0.4185,0.4185,0.0
B,5,19,0.4098,0.4673,12.45
B,5,20,0.3308,0.4951,4.98
B,5,21,0.5692,0.7376,4.98
B,5,22,0.7264,0.7264,0.0
B,5,23,0.6595,0.6595,0.0
B,5,24,0.6949,0.7095,2.49
B,5,25,0.5709,0.6988,-2.49
B,5,26,0.4036,0.6136,2.49
B,5,27,0.6109,0.7269,4.98
B,5,28,0.6229,0.7531,2.49
B,5,29,0.5776,0.6859,2.49
B,5,30,0.8255,0.8688,-2.49
B,5,31,0.6999,0.7932,-4.98
B,5,32,0.7375,0.7544,4.98
B,5,33,0.8798,0.9003,9.96
B,6,14,0.4184,0.6316,-9.96
B,6,15,0.3043,0.7032,4.98
B,6,16,0.5376,0.6472,12.45
B,6,17,0.568,0.6496,4.98
B,6,18,0.8045,0.8045,0.0
B,6,19,0.502,0.6356,-2.49
B,6,20,0.3062,0.5869,-4.98
B,6,21,0.4464,0.6986,-2.49
B,6,22,0.3687,0.6127,-2.49
B,6,23,0.3882,0.6123,-2.49
B,6,24,0.8005,0.8005,0.0
B,6,25,0.3788,0.7557,-14.94
B,6,26,0.6182,0.6182,0.0
B,6,27,0.8257,0.8257,0.0
B,6,28,0.8945,0.9223,-2.49
B,6,29,0.3892,0.7575,-4.98
B,6,30,0.4937,0.6587,-4.98
B,6,31,0.4238,0.6674,12.45
B,6,32,0.5615,0.8791,-7.47
B,6,33,0.7598,0.8346,-2.49
B,7,14,0.1498,0.5592,14.94
B,7,15,0.5688,0.7491,2.49
B,7,16,0.1608,0.7148,4.98
B,7,17,0.6141,0.6168,4.98
B,7,18,0.5148,0.678,2.49
B,7,19,0.5612,0.5612,0.0
B,7,20,0.6642,0.7316,-2.49
B,7,21,0.2009,0.7039,-19.92
B,7,22,0.6705,0.7355,-2.49
B,7,23,0.4002,0.6173,-2.49
B,7,24,0.5494,0.5494,0.0
B,7,25,0.1166,0.6362,-7.47
B,7,26,0.665,0.665,0.0
B,7,27,0.7037,0.7909,-4.98
B,7,28,0.6461,0.7313,12.45
B,7,29,0.4963,0.6961,-4.98
B,7,30,0.0147,0.6166,-19.92
B,7,31,0.2504,0.4103,-9.96
B,7,32,0.7175,0.7303,-7.47
B,7,33,0.2063,0.3481,12.45
B,8,14,0.4304,0.6124,12.45
B,8,15,0.2647,0.5351,12.45
B,8,16,0.3195,0.5149,14.94
B,8,17,0.5032,0.6498,2.49
B,8,18,0.2268,0.5509,-17.43
B,8,19,0.4715,0.4804,4.98
B,8,20,0.3627,0.5452,-2.49
B,8,21,0.4228,0.5334,-2.49
B,8,22,0.4864,0.6797,4.98
B,8,23,0.1771,0.7014,14.94
B,8,24,0.1155,0.6146,-4.98
B,8,25,0.4034,0.5696,19.92
B,8,26,0.3913,0.7405,-14.94
B,8,27,0.3475,0.6354,14.94
B,8,28,0.7904,0.8376,2.49
B,8,29,0.3785,0.7797,9.96
B,8,30,0.6366,0.8137,7.47
B,8,31,0.5878,0.6763,14.94
B,8,32,0.5196,0.6632,-9.96
B,8,33,0.3764,0.8103,12.45
B,9,14,0.1378,0.6355,7.47
B,9,15,-0.061,0.7944,4.98
B,9,16,0.2723,0.4242,2.49
B,9,17,0.4441,0.7443,7.47
B,9,18,0.2599,0.7054,-14.94
B,9,19,0.2761,0.5035,4.98
B,9,20,0.139,0.5637,9.96
B,9,21,0.2478,0.493,-2.49
B,9,22,0.516,0.5936,4.98
B,9,23,0.3968,0.6795,2.49
B,9,24,0.4075,0.6379,7.47
B,9,25,0.5039,0.6033,14.94
B,9,26,0.3107,0.4021,14.94
B,9,27,0.5017,0.5315,4.98
B,9,28,0.025,0.7206,17.43
B,9,29,-0.0199,0.8881,19.92
B,9,30,0.473,0.7678,9.96
B,9,31,0.2799,0.6541,12.45
B,9,32,0.218,0.4616,14.94
B,9,33,0.6858,0.8105,4.98
B,10,14,0.4056,0.5645,12.45
B,10,15,0.5834,0.7202,2.49
B,10,16,0.5646,0.6342,-14.94
B,10,17,0.3989,0.5346,4.98
B,10,18,0.5421,0.5421,0.0
B,10,19,0.5887,0.5887,0.0
B,10,20,0.3257,0.6961,7.47
B,10,21,0.4457,0.5781,-2.49
B,10,22,0.1561,0.6706,9.96
B,10,23,0.3478,0.7058,7.47
B,10,24,0.3611,0.555,17.43
B,10,25,0.2353,0.4912,14.94
B,10,26,0.2696,0.5462,9.96
B,10,27,0.074,0.6171,17.43
B,10,28,0.3482,0.8464,9.96
B,10,29,0.3561,0.5364,7.47
B,10,30,0.2851,0.7304,19.92
B,10,31,0.2293,0.8916,14.94
B,10,32,0.526,0.5392,-17.43
B,11,14,0.3924,0.4771,-17.43
B,11,15,0.367,0.6148,-7.47
B,11,16,0.4262,0.6545,-9.96
B,11,17,0.4921,0.5349,-12.45
B,11,18,0.4484,0.5904,-7.47
B,11,19,0.6672,0.775,9.96
B,11,20,0.5323,0.6797,2.49
B,11,21,0.0285,0.4872,19.92
B,11,22,0.3896,0.6886,19.92
B,11,23,0.4765,0.6405,-12.45
B,11,24,0.308,0.6553,7.47
B,11,25,-0.0034,0.3271,19.92
B,11,26,0.1094,0.6488,17.43
B,11,27,0.0468,0.6153,-19.92
B,11,28,0.4091,0.5799,-2.49
B,11,29,-0.0883,0.6652,19.92
B,11,30,-0.0281,0.2629,-19.92
B,11,31,0.2223,0.3567,-19.92
B,11,32,0.5471,0.5471,0.0
B,11,33,0.4778,0.6192,19.92
B,12,14,0.4518,0.4518,0.0
B,12,15,0.3245,0.5541,9.96
B,12,16,0.369,0.7477,9.96
B,12,17,0.3672,0.7063,12.45
B,12,18,0.3121,0.7107,9.96
B,12,19,0.5268,0.7473,7.47
B,12,20,0.3136,0.5966,12.45
B,12,21,0.3217,0.5874,-14.94
B,12,22,0.3515,0.549,14.94
B,12,23,0.3239,0.7594,12.45
B,12,24,0.3872,0.5583,14.94
B,12,25,0.3003,0.5932,17.43
B,12,26,-0.0236,0.7225,17.43
B,12,27,0.3476,0.412,-4.98
B,12,28,0.544,0.8471,14.94
B,12,29,0.1635,0.4097,19.92
B,12,30,-0.1914,0.6412,19.92
B,12,31,0.4021,0.6063,4.98
B,12,32,0.2791,0.5396,7.47
B,13,14,0.5254,0.5314,9.96
B,13,15,0.286,0.5812,-14.94
B,13,16,0.3484,0.5165,7.47
B,13,17,0.5629,0.6939,2.49
B,13,18,0.5059,0.5059,0.0
B,13,19,0.717,0.717,0.0
B,13,20,0.6261,0.6261,0.0
B,13,22,0.277,0.4434,4.98
B,13,23,0.4297,0.5689,-7.47
B,13,24,0.1526,0.4312,-19.92
B,13,25,-0.0023,0.4121,-17.43
B,13,26,0.0736,0.3507,-4.98
B,13,27,0.5077,0.5077,0.0
B,13,28,0.3875,0.5911,4.98
B,13,30,0.1487,0.7066,-17.43
B,13,31,0.1674,0.2332,-7.47
B,13,32,-0.1653,-0.0067,-7.47
C,1,18,0.5104,0.5969,7.47
C,1,19,0.86,0.86,0.0
C,1,20,0.8185,0.8185,0.0
C,1,21,0.571,0.571,0.0
C,1,22,0.7796,0.7824,2.49
C,1,23,0.848,0.8652,14.94
C,1,24,0.6673,0.7614,12.45
C,1,25,0.5319,0.7551,2.49
C,1,26,0.6899,0.6899,0.0
C,1,27,0.7087,0.7087,0.0
C,1,28,0.6114,0.6754,19.92
C,1,29,0.7711,0.8185,9.96
C,1,30,0.7121,0.7354,2.49
C,1,31,0.667,0.777,2.49
C,2,18,0.4409,0.7229,-2.49
C,2,19,0.6212,0.6212,0.0
C,2,20,0.6937,0.6937,0.0
C,2,21,0.5711,0.8283,-2.49
C,2,22,0.8491,0.8851,7.47
C,2,23,0.701,0.8452,-2.49
C,2,24,0.8176,0.866,-2.49
C,2,25,0.6597,0.9191,-9.96
C,2,26,0.897,0.9107,-2.49
C,2,27,0.7892,0.9255,2.49
C,2,28,0.847,0.849,2.49
C,2,29,0.7842,0.803,2.49
C,2,30,0.7137,0.8994,-7.47
C,2,31,0.3533,0.8367,-4.98
C,2,32,0.3429,0.7691,-2.49
C,3,18,0.4341,0.5931,-14.94
C,3,19,0.829,0.829,0.0
C,3,20,0.7323,0.7323,0.0
C,3,21,0.8667,0.8667,0.0
C,3,22,0.7998,0.9305,4.98
C,3,23,0.7464,0.8759,9.96
C,3,24,0.5216,0.7098,9.96
C,3,25,0.7483,0.8094,2.49
C,3,26,0.8515,0.9133,-2.49
C,3,27,0.6307,0.6933,-4.98
C,3,28,0.6816,0.7992,9.96
C,3,29,0.6402,0.7255,-2.49
C,3,30,0.4649,0.6578,-12.45
C,3,31,-0.0769,0.745,12.45
C,4,18,0.3012,0.7606,12.45
C,4,19,0.5408,0.5764,19.92
C,4,20,0.3614,0.4651,17.43
C,4,21,0.6465,0.8652,4.98
C,4,22,0.7049,0.9541,12.45
C,4,23,0.751,0.859,7.47
C,4,24,0.83,0.9114,4.98
C,4,25,0.9397,0.9397,0.0
C,4,26,0.9371,0.9632,2.49
C,4,27,0.914,0.925,9.96
C,4,28,0.788,0.8955,7.47
C,4,29,0.6255,0.8644,4.98
C,4,30,0.6063,0.6733,-9.96
C,4,31,0.5915,0.8486,9.96
C,4,32,0.7717,0.9359,7.47
C,5,18,0.2548,0.7035,-19.92
C,5,19,0.4939,0.7226,-9.96
C,5,20,0.1212,0.633,-14.94
C,5,21,0.317,0.7428,-9.96
C,5,22,0.8365,0.859,2.49
C,5,23,0.8719,0.8719,0.0
C,5,24,0.6856,0.7434,4.98
C,5,25,0.8948,0.8948,0.0
C,5,26,0.7685,0.9559,4.98
C,5,27,0.7405,0.7571,2.49
C,5,28,0.7599,0.9263,9.96
C,5,29,0.6045,0.744,12.45
C,5,30,0.7919,0.7919,0.0
C,5,31,0.2622,0.6927,-12.45
C,6,18,0.1922,0.4713,12.45
C,6,19,0.2035,0.6437,4.98
C,6,20,0.4501,0.6428,2.49
C,6,21,0.3539,0.5197,9.96
C,6,22,0.5294,0.9067,12.45
C,6,23,0.6108,0.7385,-4.98
C,6,24,0.3881,0.6757,9.96
C,6,25,0.688,0.6957,2.49
C,6,26,0.6961,0.835,7.47
C,6,27,0.4077,0.7931,14.94
C,6,28,0.8285,0.8734,14.94
C,6,29,0.6503,0.7089,-4.98
C,6,30,0.7473,0.7582,-12.45
C,6,31,0.1618,0.2911,4.98
C,7,18,0.1616,0.6244,12.45
C,7,19,0.5911,0.5911,0.0
C,7,20,0.2701,0.7502,-7.47
C,7,21,0.4524,0.7456,-7.47
C,7,22,0.8319,0.893,2.49
C,7,23,0.8342,0.8342,0.0
C,7,24,0.6859,0.7685,2.49
C,7,25,0.5765,0.6462,-2.49
C,7,26,0.7382,0.8722,7.47
C,7,27,0.8338,0.928,9.96
C,7,28,0.8741,0.9418,12.45
C,7,29,0.8802,0.8802,0.0
C,7,30,0.4472,0.5254,-9.96
C,7,31,0.2568,0.5835,-17.43
C,8,18,0.1854,0.5915,-17.43
C,8,19,0.2291,0.5653,-7.47
C,8,20,0.5181,0.6554,-4.98
C,8,21,0.4525,0.7179,14.94
C,8,22,0.4469,0.9104,12.45
C,8,23,0.5541,0.5675,7.47
C,8,24,0.2498,0.6416,9.96
C,8,25,0.3845,0.4097,-2.49
C,8,26,0.0979,0.2859,4.98
C,8,27,0.5376,0.7981,-19.92
C,8,28,0.7848,0.9101,12.45
C,8,29,0.7351,0.7351,0.0
C,8,30,-0.118,0.6111,-14.94
C,8,31,-0.0973,0.4622,-19.92
C,9,18,0.4837,0.6507,-2.49
C,9,19,0.0794,0.6323,-9.96
C,9,20,0.0755,0.5298,-19.92
C,9,21,0.169,0.4499,17.43
C,9,22,-0.0193,0.7554,-19.92
C,9,23,-0.0622,0.3684,-19.92
C,9,24,0.0755,0.432,-19.92
C,9,25,0.1068,0.3872,9.96
C,9,26,-0.0653,0.3942,-19.92
C,9,27,0.4969,0.658,-14.94
C,9,28,0.6255,0.7867,-4.98
C,9,29,0.2139,0.6345,-14.94
C,9,30,-0.0349,0.5069,-12.45
C,9,31,-0.093,0.4209,-12.45
C,10,18,0.4729,0.4729,0.0
C,10,19,0.5217,0.5876,-2.49
C,10,20,0.3904,0.4564,14.94
C,10,21,0.4632,0.5024,12.45
C,10,22,0.5356,0.5879,-2.49
C,10,23,0.4477,0.5391,2.49
C,10,24,0.7065,0.8841,4.98
C,10,25,0.0588,0.3727,19.92
C,10,26,0.5821,0.6666,-19.92
C,10,27,0.0284,0.39,-19.92
C,10,28,0.7062,0.9082,7.47
C,10,29,0.5356,0.7812,7.47
C,10,30,-0.1495,0.6118,-12.45
C,10,31,0.0942,0.4006,-19.92
C,11,18,0.4477,0.6515,19.92
C,11,19,0.4595,0.4595,0.0
C,11,20,0.319,0.5952,19.92
C,11,21,0.5135,0.6438,-14.94
C,11,22,0.4555,0.5842,2.49
C,11,23,0.4063,0.4063,0.0
C,11,24,0.5186,0.912,4.98
C,11,25,-0.0286,0.2824,-7.47
C,11,26,0.0005,0.5136,-19.92
C,11,27,0.4041,0.5658,-19.92
C,11,28,0.0861,0.6347,-12.45
C,11,29,0.5834,0.5979,-2.49
C,11,30,0.4489,0.5759,-19.92
C,11,31,-0.0827,0.3573,7.47
C,12,18,0.0298,0.5085,7.47
C,12,19,0.4294,0.5907,-9.96
C,12,20,0.2971,0.5615,-2.49
C,12,21,0.2941,0.5658,2.49
C,12,22,0.4743,0.6151,-4.98
C,12,23,0.4457,0.5056,-12.45
C,12,24,0.4786,0.5481,14.94
C,12,25,0.061,0.2876,-9.96
C,12,26,0.1859,0.609,-19.92
C,12,27,0.383,0.3909,17.43
C,12,28,0.3589,0.5975,7.47
C,12,29,0.2306,0.6183,-14.94
C,12,30,0.1835,0.3097,4.98
C,12,31,0.3886,0.6782,14.94
C,13,18,0.5186,0.5514,2.49
C,13,19,0.3501,0.5758,-19.92
C,13,20,0.549,0.6896,-9.96
C,13,21,-0.0859,0.4161,-19.92
C,13,22,0.2062,0.4031,-7.47
C,13,23,0.373,0.5151,-4.98
C,13,24,0.8014,0.8014,0.0
C,13,25,0.3336,0.5448,19.92
C,13,26,0.5483,0.6134,-2.49
C,13,27,0.4931,0.5994,-7.47
C,13,28,0.7046,0.7906,-2.49
C,13,29,0.3548,0.724,9.96
C,13,30,0.4278,0.5572,4.98
C,13,31,0.2575,0.4051,9.96
C,14,18,0.3059,0.7429,-19.92
C,14,19,0.0069,0.5826,-14.94
C,14,20,0.2775,0.5009,2.49
C,14,21,0.1766,0.5964,-17.43
C,14,22,0.1435,0.4193,-9.96
C,14,23,0.2387,0.3584,4.98
C,14,24,0.4098,0.6563,4.98
C,14,25,0.094,0.3856,-19.92
C,14,26,0.3368,0.5531,-19.92
C,14,27,0.1947,0.6446,17.43
C,14,28,0.7163,0.8172,4.98
C,14,29,0.2726,0.5477,-17.43
C,14,30,0.2057,0.554,-14.94
C,14,31,0.4055,0.6208,4.98
C,15,18,0.1567,0.488,-14.94
C,15,19,0.307,0.4888,4.98
C,15,20,-0.0241,0.5062,-4.98
C,15,21,0.0141,0.1361,-4.98
C,15,22,0.5623,0.5775,-14.94
C,15,23,0.4165,0.6512,-4.98
C,15,24,-0.0108,0.3932,-19.92
C,15,25,-0.0841,0.5612,-17.43
C,15,26,0.5834,0.7894,-17.43
C,15,27,0.7136,0.801,4.98
C,15,28,0.377,0.684,19.92
C,15,29,0.2331,0.4887,19.92
C,15,30,-0.091,0.5065,-17.43
C,15,31,0.2975,0.8194,-19.92
C,15,32,0.5966,0.6414,-7.47
C,16,18,0.1563,0.6378,-17.43
C,16,19,0.2746,0.2982,-2.49
C,16,20,0.5945,0.7587,-17.43
C,16,21,0.1274,0.4613,-14.94
C,16,22,0.5738,0.6638,-4.98
C,16,23,0.1737,0.2979,-9.96
C,16,24,0.1615,0.5718,-14.94
C,16,25,0.0855,0.7403,-19.92
C,16,26,0.3697,0.577,9.96
C,16,27,0.1489,0.6142,19.92
C,16,28,0.2498,0.4699,12.45
C,16,29,0.263,0.4765,19.92
C,16,30,-0.0493,0.4768,-12.45
C,16,31,0.0142,0.313,7.47
C,17,22,0.6402,0.8075,-12.45
C,17,23,0.5131,0.8389,-17.43
C,17,24,0.7442,0.8833,-14.94
